ctime,schemaname,relname,seq_scan,seq_tup_read,idx_scan,idx_tup_fetch,n_tup_ins,n_tup_upd,n_tup_del,n_tup_hot_upd,n_live_tup,n_dead_tup,heap_blks_read,heap_blks_hit,idx_blks_read,idx_blks_hit,toast_blks_read,toast_blks_hit,tidx_blks_read,tidx_blks_hit
1430925696.30416,pg_catalog,pg_auth_members,18,0,0,0,0,0,0,0,0,0,0,0,0,0,,,,
1430925696.30416,pg_catalog,pg_operator,3,2295,248,1490,0,0,0,0,765,0,42,1034,20,557,,,,
1430925696.30416,pg_catalog,pg_aggregate,2,266,2,2,0,0,0,0,133,0,5,3,2,2,,,,
1430925696.30416,pg_catalog,pg_pltemplate,12,96,0,0,0,0,0,0,8,0,12,6,0,0,,,,
1430925696.30416,pg_catalog,pg_description,2,7372,252,0,0,0,0,0,3686,0,64,32,6,501,0,0,0,0
1430925696.30416,pg_catalog,pg_language,4,16,10,10,0,0,0,0,4,0,2,13,4,18,,,,
1430925696.30416,information_schema,sql_sizing_profiles,1,0,,,0,0,0,0,0,0,0,0,,,0,0,0,0
1430925696.30416,pg_catalog,pg_ts_parser,3,3,0,0,0,0,0,0,1,0,2,2,0,0,,,,
1430925696.30416,pg_catalog,pg_event_trigger,3,0,27,0,0,0,0,0,0,0,0,0,2,25,,,,
1430925696.30416,pg_catalog,pg_shseclabel,12,0,5,0,0,0,0,0,0,0,0,0,5,0,,,,
1430925696.30416,pg_catalog,pg_foreign_table,2,0,0,0,0,0,0,0,0,0,0,0,0,0,,,,
1430925696.30416,pg_toast,pg_toast_12659,0,0,0,0,0,0,0,0,0,0,0,0,0,0,,,,
1430925696.30416,public,new_order,4,36000,0,0,9005,0,0,0,9005,0,101,294,5,11,,,,
1430925696.30416,pg_catalog,pg_attrdef,3,0,0,0,0,0,0,0,0,0,0,0,0,0,0,0,0,0
1430925696.30416,pg_catalog,pg_ts_template,3,15,0,0,0,0,0,0,5,0,2,2,0,0,,,,
1430925696.30416,pg_catalog,pg_foreign_server,3,0,0,0,0,0,0,0,0,0,0,0,0,0,,,,
1430925696.30416,pg_catalog,pg_default_acl,3,0,59,0,0,0,0,0,0,0,0,0,2,57,,,,
1430925696.30416,pg_toast,pg_toast_12634,0,0,0,0,0,0,0,0,0,0,0,0,0,0,,,,
1430925696.30416,pg_catalog,pg_attribute,26,7792,2638,9706,1401,20,1219,0,2491,1219,141,6142,35,11063,,,,
1430925696.30416,pg_catalog,pg_statistic,2,798,1192,1013,92,399,0,175,92,306,59,1991,13,3051,32,283,4,245
1430925696.30416,information_schema,sql_sizing,1,23,,,0,0,0,0,23,0,2,0,,,0,0,0,0
1430925696.30416,pg_toast,pg_toast_2618,0,0,62,193,0,0,0,0,0,0,45,39,4,61,,,,
1430925696.30416,pg_toast,pg_toast_3596,0,0,0,0,0,0,0,0,0,0,0,0,0,0,,,,
1430925696.30416,public,customer,6,180000,20,55,30000,5,0,0,30000,5,4785,18461,22,80,,,,
1430925696.30416,public,orders,6,180000,1,1,30005,0,0,0,30005,0,488,1936,12,24,,,,
1430925696.30416,public,item,4,400000,52,52,100000,0,0,0,100000,0,2611,7807,43,67,,,,
1430925696.30416,pg_catalog,pg_depend,3,20120,2731,2507,348,0,256,0,6672,256,103,3172,39,6884,,,,
1430925696.30416,information_schema,sql_languages,1,4,,,0,0,0,0,4,0,2,0,,,0,0,0,0
1430925696.30416,pg_catalog,pg_opclass,7,388,365,4752,0,0,0,0,128,0,9,1688,12,463,,,,
1430925696.30416,pg_catalog,pg_proc,3,8073,257,288,6,0,0,0,2691,0,158,427,28,593,0,0,0,0
1430925696.30416,public,history,1,30000,,,30005,0,0,0,30005,0,647,966,,,,,,
1430925696.30416,pg_catalog,pg_trigger,4,0,0,0,0,0,0,0,0,0,0,0,0,0,0,0,0,0
1430925696.30416,pg_catalog,pg_am,102,114,0,0,0,0,0,0,5,0,3,100,0,0,,,,
1430925696.30416,pg_catalog,pg_largeobject_metadata,2,0,0,0,0,0,0,0,0,0,0,0,0,0,,,,
1430925696.30416,pg_catalog,pg_ts_config_map,2,608,0,0,0,0,0,0,304,0,4,2,0,0,,,,
1430925696.30416,pg_catalog,pg_type,3,1093,1413,1054,173,0,151,0,361,151,26,1428,20,3444,,,,
1430925696.30416,pg_catalog,pg_shdepend,18,18,2038,510,0,0,0,0,1,0,12,522,48,2121,,,,
1430925696.30416,pg_catalog,pg_conversion,4,528,0,0,0,0,0,0,132,0,6,9,0,0,,,,
1430925696.30416,pg_catalog,pg_foreign_data_wrapper,3,0,0,0,0,0,0,0,0,0,0,0,0,0,,,,
1430925696.30416,pg_catalog,pg_opfamily,3,258,0,0,0,0,0,0,86,0,4,4,0,0,,,,
1430925696.30416,pg_catalog,pg_shdescription,12,36,5,0,0,0,0,0,3,0,12,6,10,0,0,0,0,0
1430925696.30416,pg_catalog,pg_tablespace,35,70,361,361,0,0,0,0,2,0,16,386,24,706,,,,
1430925696.30416,pg_catalog,pg_inherits,3,0,84,0,0,0,0,0,0,0,0,0,2,82,,,,
1430925696.30416,pg_toast,pg_toast_2606,0,0,0,0,0,0,0,0,0,0,0,0,0,0,,,,
1430925696.30416,pg_toast,pg_toast_2964,0,0,0,0,0,0,0,0,0,0,0,0,0,0,,,,
1430925696.30416,pg_catalog,pg_database,190,681,2405,2393,6,0,5,0,4,0,6,2605,56,3744,,,,
1430925696.30416,pg_toast,pg_toast_2620,0,0,0,0,0,0,0,0,0,0,0,0,0,0,,,,
1430925696.30416,pg_catalog,pg_amproc,7,1040,260,424,0,0,0,0,344,0,9,264,9,599,,,,
1430925696.30416,pg_catalog,pg_collation,3,2766,0,0,0,0,0,0,922,0,56,56,0,0,,,,
1430925696.30416,pg_catalog,pg_constraint,5,50,8,0,8,0,0,0,10,0,6,33,8,64,0,0,0,0
1430925696.30416,pg_catalog,pg_range,2,12,2,0,0,0,0,0,6,0,2,1,2,2,,,,
1430925696.30416,pg_toast,pg_toast_12639,0,0,0,0,0,0,0,0,0,0,0,0,0,0,,,,
1430925696.30416,pg_toast,pg_toast_12654,0,0,0,0,0,0,0,0,0,0,0,0,0,0,,,,
1430925696.30416,pg_catalog,pg_user_mapping,3,0,0,0,0,0,0,0,0,0,0,0,0,0,,,,
1430925696.30416,pg_catalog,pg_largeobject,2,0,0,0,0,0,0,0,0,0,0,0,0,0,,,,
1430925696.30416,pg_catalog,pg_namespace,5,30,200,120,0,0,0,0,6,0,3,123,11,284,,,,
1430925696.30416,information_schema,sql_packages,1,10,,,0,0,0,0,10,0,2,0,,,0,0,0,0
1430925696.30416,pg_catalog,pg_authid,93,93,1199,1199,0,0,0,0,1,0,16,1282,52,2348,,,,
1430925696.30416,pg_catalog,pg_index,20,512,1019,1255,27,0,17,0,123,17,13,1113,12,1217,,,,
1430925696.30416,pg_catalog,pg_ts_dict,3,48,0,0,0,0,0,0,16,0,2,2,0,0,,,,
1430925696.30416,pg_catalog,pg_class,42,2898,3100,2749,122,324,101,68,316,359,29,4350,33,7861,,,,
1430925696.30416,pg_toast,pg_toast_2396,0,0,0,0,0,0,0,0,0,0,0,0,0,0,,,,
1430925696.30416,pg_catalog,pg_enum,4,0,0,0,0,0,0,0,0,0,0,0,0,0,,,,
1430925696.30416,pg_catalog,pg_db_role_setting,17,0,2764,0,0,0,0,0,0,0,0,0,12,2752,0,0,0,0
1430925696.30416,pg_toast,pg_toast_12649,0,0,0,0,0,0,0,0,0,0,0,0,0,0,,,,
1430925696.30416,information_schema,sql_parts,1,9,,,0,0,0,0,9,0,2,0,,,0,0,0,0
1430925696.30416,pg_catalog,pg_seclabel,2,0,252,0,0,0,0,0,0,0,0,0,2,250,0,0,0,0
1430925696.30416,public,district,30,240,0,0,10,10,0,10,10,10,3,38,1,13,,,,
1430925696.30416,information_schema,sql_implementation_info,1,12,,,0,0,0,0,12,0,2,0,,,0,0,0,0
1430925696.30416,pg_toast,pg_toast_2609,0,0,0,0,0,0,0,0,0,0,0,0,0,0,,,,
1430925696.30416,pg_toast,pg_toast_1255,0,0,0,0,0,0,0,0,0,0,0,0,0,0,,,,
1430925696.30416,pg_toast,pg_toast_12644,0,0,0,0,0,0,0,0,0,0,0,0,0,0,,,,
1430925696.30416,pg_catalog,pg_rewrite,3,327,2,2,0,0,0,0,109,0,23,23,2,2,45,39,8,122
1430925696.30416,pg_catalog,pg_ts_config,3,48,0,0,0,0,0,0,16,0,2,2,0,0,,,,
1430925696.30416,pg_catalog,pg_extension,3,3,0,0,0,0,0,0,1,0,2,2,0,0,,,,
1430925696.30416,pg_catalog,pg_amop,4,1744,258,329,0,0,0,0,436,0,12,337,21,577,,,,
1430925696.30416,pg_catalog,pg_cast,3,594,1804,360,0,0,0,0,198,0,6,362,6,1835,,,,
1430925696.30416,public,order_line,4,1138512,1,10,284680,0,0,0,284680,0,8503,19670,9,158,,,,
1430925696.30416,pg_toast,pg_toast_2619,0,0,160,417,71,0,10,0,61,10,32,283,4,245,,,,
1430925696.30416,public,stock,4,400000,104,104,100000,52,0,0,100000,52,19875,15125,48,427,,,,
1430925696.30416,pg_toast,pg_toast_12629,0,0,0,0,0,0,0,0,0,0,0,0,0,0,,,,
1430925696.30416,public,warehouse,22,19,0,0,1,5,0,5,1,5,3,23,1,10,,,,
1430925696.30416,pg_toast,pg_toast_2604,0,0,0,0,0,0,0,0,0,0,0,0,0,0,,,,
1430925696.30416,information_schema,sql_features,1,672,,,0,0,0,0,672,0,14,0,,,0,0,0,0
1430925756.31182,pg_catalog,pg_auth_members,18,0,0,0,0,0,0,0,0,0,0,0,0,0,,,,
1430925756.31182,pg_catalog,pg_operator,3,2295,511,2921,0,0,0,0,765,0,42,2068,20,1108,,,,
1430925756.31182,pg_catalog,pg_aggregate,2,266,23,23,0,0,0,0,133,0,5,24,2,34,,,,
1430925756.31182,pg_catalog,pg_pltemplate,12,96,0,0,0,0,0,0,8,0,12,6,0,0,,,,
1430925756.31182,pg_catalog,pg_description,2,7372,252,0,0,0,0,0,3686,0,64,32,6,501,0,0,0,0
1430925756.31182,pg_catalog,pg_language,4,16,10,10,0,0,0,0,4,0,2,13,4,18,,,,
1430925756.31182,information_schema,sql_sizing_profiles,1,0,,,0,0,0,0,0,0,0,0,,,0,0,0,0
1430925756.31182,pg_catalog,pg_ts_parser,3,3,0,0,0,0,0,0,1,0,2,2,0,0,,,,
1430925756.31182,pg_catalog,pg_event_trigger,3,0,27,0,0,0,0,0,0,0,0,0,2,25,,,,
1430925756.31182,pg_catalog,pg_shseclabel,12,0,5,0,0,0,0,0,0,0,0,0,5,0,,,,
1430925756.31182,pg_catalog,pg_foreign_table,2,0,0,0,0,0,0,0,0,0,0,0,0,0,,,,
1430925756.31182,pg_toast,pg_toast_12659,0,0,0,0,0,0,0,0,0,0,0,0,0,0,,,,
1430925756.31182,public,new_order,4,36000,82360,71982,55375,0,29740,0,25230,17765,333,362871,354,478013,,,,
1430925756.31182,pg_catalog,pg_attrdef,3,0,0,0,0,0,0,0,0,0,0,0,0,0,0,0,0,0
1430925756.31182,pg_catalog,pg_ts_template,3,15,0,0,0,0,0,0,5,0,2,2,0,0,,,,
1430925756.31182,pg_catalog,pg_foreign_server,3,0,0,0,0,0,0,0,0,0,0,0,0,0,,,,
1430925756.31182,pg_catalog,pg_default_acl,3,0,59,0,0,0,0,0,0,0,0,0,2,57,,,,
1430925756.31182,pg_toast,pg_toast_12634,0,0,0,0,0,0,0,0,0,0,0,0,0,0,,,,
1430925756.31182,pg_catalog,pg_attribute,81,8167,4137,14720,1401,20,1219,0,2491,0,193,8765,57,14117,,,,
1430925756.31182,pg_catalog,pg_statistic,2,798,2547,2362,92,557,0,211,491,153,89,3869,13,6028,46,876,4,646
1430925756.31182,information_schema,sql_sizing,1,23,,,0,0,0,0,23,0,2,0,,,0,0,0,0
1430925756.31182,pg_toast,pg_toast_2618,0,0,67,209,0,0,0,0,0,0,51,40,4,69,,,,
1430925756.31182,pg_toast,pg_toast_3596,0,0,0,0,0,0,0,0,0,0,0,0,0,0,,,,
1430925756.31182,public,customer,6,180000,209786,512840,30000,85636,0,75237,29977,5588,7515,690454,498,505302,,,,
1430925756.31182,public,orders,6,180000,86608,99306,76375,41180,0,34316,75890,7830,1158,210248,826,487945,,,,
1430925756.31182,public,item,4,400000,486284,485852,100000,0,0,0,100000,0,3845,492373,276,974639,,,,
1430925756.31182,pg_catalog,pg_depend,3,20120,2731,2507,348,0,256,0,6672,256,103,3172,39,6884,,,,
1430925756.31182,information_schema,sql_languages,1,4,,,0,0,0,0,4,0,2,0,,,0,0,0,0
1430925756.31182,pg_catalog,pg_opclass,17,398,535,7407,0,0,0,0,128,0,9,2664,12,649,,,,
1430925756.31182,pg_catalog,pg_proc,3,8073,653,841,6,0,0,0,2691,0,168,866,33,1403,0,0,0,0
1430925756.31182,public,history,1,30000,,,74456,0,0,0,74353,0,1483,46665,,,,,,
1430925756.31182,pg_catalog,pg_trigger,4,0,0,0,0,0,0,0,0,0,0,0,0,0,0,0,0,0
1430925756.31182,pg_catalog,pg_am,108,120,0,0,0,0,0,0,5,0,3,106,0,0,,,,
1430925756.31182,pg_catalog,pg_largeobject_metadata,2,0,0,0,0,0,0,0,0,0,0,0,0,0,,,,
1430925756.31182,pg_catalog,pg_ts_config_map,2,608,0,0,0,0,0,0,304,0,4,2,0,0,,,,
1430925756.31182,pg_catalog,pg_type,3,1093,1721,1362,173,0,151,0,361,0,34,1763,25,4071,,,,
1430925756.31182,pg_catalog,pg_shdepend,18,18,2038,510,0,0,0,0,1,0,12,522,48,2121,,,,
1430925756.31182,pg_catalog,pg_conversion,4,528,0,0,0,0,0,0,132,0,6,9,0,0,,,,
1430925756.31182,pg_catalog,pg_foreign_data_wrapper,3,0,0,0,0,0,0,0,0,0,0,0,0,0,,,,
1430925756.31182,pg_catalog,pg_opfamily,3,258,0,0,0,0,0,0,86,0,4,4,0,0,,,,
1430925756.31182,pg_catalog,pg_shdescription,12,36,5,0,0,0,0,0,3,0,12,6,10,0,0,0,0,0
1430925756.31182,pg_catalog,pg_tablespace,35,70,406,406,0,0,0,0,2,0,17,430,27,795,,,,
1430925756.31182,pg_catalog,pg_inherits,3,0,84,0,0,0,0,0,0,0,0,0,2,82,,,,
1430925756.31182,pg_toast,pg_toast_2606,0,0,0,0,0,0,0,0,0,0,0,0,0,0,,,,
1430925756.31182,pg_toast,pg_toast_2964,0,0,0,0,0,0,0,0,0,0,0,0,0,0,,,,
1430925756.31182,pg_catalog,pg_database,194,691,2574,2562,6,0,5,0,4,0,6,2778,60,4012,,,,
1430925756.31182,pg_toast,pg_toast_2620,0,0,0,0,0,0,0,0,0,0,0,0,0,0,,,,
1430925756.31182,pg_catalog,pg_amproc,17,1060,374,566,0,0,0,0,344,0,9,402,9,833,,,,
1430925756.31182,pg_catalog,pg_collation,3,2766,0,0,0,0,0,0,922,0,56,56,0,0,,,,
1430925756.31182,pg_catalog,pg_constraint,5,50,8,0,8,0,0,0,10,0,6,33,8,64,0,0,0,0
1430925756.31182,pg_catalog,pg_range,2,12,2,0,0,0,0,0,6,0,2,1,2,2,,,,
1430925756.31182,pg_toast,pg_toast_12639,0,0,0,0,0,0,0,0,0,0,0,0,0,0,,,,
1430925756.31182,pg_toast,pg_toast_12654,0,0,0,0,0,0,0,0,0,0,0,0,0,0,,,,
1430925756.31182,pg_catalog,pg_user_mapping,3,0,0,0,0,0,0,0,0,0,0,0,0,0,,,,
1430925756.31182,pg_catalog,pg_largeobject,2,0,0,0,0,0,0,0,0,0,0,0,0,0,,,,
1430925756.31182,pg_catalog,pg_namespace,7,42,349,261,0,0,0,0,6,0,3,266,12,443,,,,
1430925756.31182,information_schema,sql_packages,1,10,,,0,0,0,0,10,0,2,0,,,0,0,0,0
1430925756.31182,pg_catalog,pg_authid,96,96,1300,1300,0,0,0,0,1,0,17,1385,56,2546,,,,
1430925756.31182,pg_catalog,pg_index,60,1162,1541,1836,27,0,17,0,123,17,13,1705,12,1754,,,,
1430925756.31182,pg_catalog,pg_ts_dict,3,48,0,0,0,0,0,0,16,0,2,2,0,0,,,,
1430925756.31182,pg_catalog,pg_class,109,6131,4603,4196,122,324,101,68,316,0,33,6165,34,9630,,,,
1430925756.31182,pg_toast,pg_toast_2396,0,0,0,0,0,0,0,0,0,0,0,0,0,0,,,,
1430925756.31182,pg_catalog,pg_enum,4,0,0,0,0,0,0,0,0,0,0,0,0,0,,,,
1430925756.31182,pg_catalog,pg_db_role_setting,17,0,2972,0,0,0,0,0,0,0,0,0,13,2959,0,0,0,0
1430925756.31182,pg_toast,pg_toast_12649,0,0,0,0,0,0,0,0,0,0,0,0,0,0,,,,
1430925756.31182,information_schema,sql_parts,1,9,,,0,0,0,0,9,0,2,0,,,0,0,0,0
1430925756.31182,pg_catalog,pg_seclabel,2,0,252,0,0,0,0,0,0,0,0,0,2,250,0,0,0,0
1430925756.31182,public,district,84340,747470,114836,114836,10,90831,0,90532,10,1013,94,1850491,2,115160,,,,
1430925756.31182,information_schema,sql_implementation_info,1,12,,,0,0,0,0,12,0,2,0,,,0,0,0,0
1430925756.31182,pg_toast,pg_toast_2609,0,0,0,0,0,0,0,0,0,0,0,0,0,0,,,,
1430925756.31182,pg_toast,pg_toast_1255,0,0,0,0,0,0,0,0,0,0,0,0,0,0,,,,
1430925756.31182,pg_toast,pg_toast_12644,0,0,0,0,0,0,0,0,0,0,0,0,0,0,,,,
1430925756.31182,pg_catalog,pg_rewrite,3,327,10,10,0,0,0,0,109,0,27,27,2,16,51,40,8,138
1430925756.31182,pg_catalog,pg_ts_config,3,48,0,0,0,0,0,0,16,0,2,2,0,0,,,,
1430925756.31182,pg_catalog,pg_extension,3,3,0,0,0,0,0,0,1,0,2,2,0,0,,,,
1430925756.31182,pg_catalog,pg_amop,4,1744,493,622,0,0,0,0,436,0,12,630,23,1061,,,,
1430925756.31182,pg_catalog,pg_cast,3,594,3180,595,0,0,0,0,198,0,6,597,6,3220,,,,
1430925756.31182,public,order_line,4,1138512,90817,963829,770479,420545,0,261360,744515,110071,19935,1896961,5091,2225932,,,,
1430925756.31182,pg_toast,pg_toast_2619,0,0,500,1414,129,0,67,0,62,67,46,876,4,646,,,,
1430925756.31182,public,stock,4,400000,1051480,975437,100000,485851,0,0,98878,315863,25763,1611902,787,4624479,,,,
1430925756.31182,pg_toast,pg_toast_12629,0,0,0,0,0,0,0,0,0,0,0,0,0,0,,,,
1430925756.31182,public,warehouse,59957,45227,90064,90064,1,44456,0,43645,1,995,97,1995533,2,90897,,,,
1430925756.31182,pg_toast,pg_toast_2604,0,0,0,0,0,0,0,0,0,0,0,0,0,0,,,,
1430925756.31182,information_schema,sql_features,1,672,,,0,0,0,0,672,0,14,0,,,0,0,0,0
1430925816.31031,pg_catalog,pg_auth_members,18,0,0,0,0,0,0,0,0,0,0,0,0,0,,,,
1430925816.31031,pg_catalog,pg_operator,3,2295,532,2942,0,0,0,0,765,0,42,2089,20,1157,,,,
1430925816.31031,pg_catalog,pg_aggregate,2,266,24,24,0,0,0,0,133,0,5,25,2,36,,,,
1430925816.31031,pg_catalog,pg_pltemplate,12,96,0,0,0,0,0,0,8,0,12,6,0,0,,,,
1430925816.31031,pg_catalog,pg_description,2,7372,252,0,0,0,0,0,3686,0,64,32,6,501,0,0,0,0
1430925816.31031,pg_catalog,pg_language,4,16,10,10,0,0,0,0,4,0,2,13,4,18,,,,
1430925816.31031,information_schema,sql_sizing_profiles,1,0,,,0,0,0,0,0,0,0,0,,,0,0,0,0
1430925816.31031,pg_catalog,pg_ts_parser,3,3,0,0,0,0,0,0,1,0,2,2,0,0,,,,
1430925816.31031,pg_catalog,pg_event_trigger,3,0,27,0,0,0,0,0,0,0,0,0,2,25,,,,
1430925816.31031,pg_catalog,pg_shseclabel,12,0,5,0,0,0,0,0,0,0,0,0,5,0,,,,
1430925816.31031,pg_catalog,pg_foreign_table,2,0,0,0,0,0,0,0,0,0,0,0,0,0,,,,
1430925816.31031,pg_toast,pg_toast_12659,0,0,0,0,0,0,0,0,0,0,0,0,0,0,,,,
1430925816.31031,public,new_order,4,36000,161900,141659,99982,0,58680,0,40564,17256,433,699614,610,1300710,,,,
1430925816.31031,pg_catalog,pg_attrdef,3,0,0,0,0,0,0,0,0,0,0,0,0,0,0,0,0,0
1430925816.31031,pg_catalog,pg_ts_template,3,15,0,0,0,0,0,0,5,0,2,2,0,0,,,,
1430925816.31031,pg_catalog,pg_foreign_server,3,0,0,0,0,0,0,0,0,0,0,0,0,0,,,,
1430925816.31031,pg_catalog,pg_default_acl,3,0,59,0,0,0,0,0,0,0,0,0,2,57,,,,
1430925816.31031,pg_toast,pg_toast_12634,0,0,0,0,0,0,0,0,0,0,0,0,0,0,,,,
1430925816.31031,pg_catalog,pg_attribute,81,8167,4712,17350,1401,20,1219,0,2491,0,193,9541,57,15284,,,,
1430925816.31031,pg_catalog,pg_statistic,2,798,3347,3156,92,635,0,254,491,214,91,4826,13,7704,61,1428,4,938
1430925816.31031,information_schema,sql_sizing,1,23,,,0,0,0,0,23,0,2,0,,,0,0,0,0
1430925816.31031,pg_toast,pg_toast_2618,0,0,72,225,0,0,0,0,0,0,51,47,4,77,,,,
1430925816.31031,pg_toast,pg_toast_3596,0,0,0,0,0,0,0,0,0,0,0,0,0,0,,,,
1430925816.31031,public,customer,6,180000,409998,1001888,30000,167526,0,154195,29995,3832,7592,1315884,498,952848,,,,
1430925816.31031,public,orders,6,180000,170067,218888,120982,80950,0,67733,120287,4259,1510,437778,1435,1047562,,,,
1430925816.31031,public,item,4,400000,954884,954008,100000,0,0,0,100000,0,3845,960529,276,1914101,,,,
1430925816.31031,pg_catalog,pg_depend,3,20120,2731,2507,348,0,256,0,6672,256,103,3172,39,6884,,,,
1430925816.31031,information_schema,sql_languages,1,4,,,0,0,0,0,4,0,2,0,,,0,0,0,0
1430925816.31031,pg_catalog,pg_opclass,17,398,571,7787,0,0,0,0,128,0,9,2796,12,694,,,,
1430925816.31031,pg_catalog,pg_proc,3,8073,725,941,6,0,0,0,2691,0,168,950,33,1555,0,0,0,0
1430925816.31031,public,history,1,30000,,,116576,0,0,0,116683,0,2288,90470,,,,,,
1430925816.31031,pg_catalog,pg_trigger,4,0,0,0,0,0,0,0,0,0,0,0,0,0,0,0,0,0
1430925816.31031,pg_catalog,pg_am,114,126,0,0,0,0,0,0,5,0,3,112,0,0,,,,
1430925816.31031,pg_catalog,pg_largeobject_metadata,2,0,0,0,0,0,0,0,0,0,0,0,0,0,,,,
1430925816.31031,pg_catalog,pg_ts_config_map,2,608,0,0,0,0,0,0,304,0,4,2,0,0,,,,
1430925816.31031,pg_catalog,pg_type,3,1093,1800,1441,173,0,151,0,361,0,34,1842,25,4234,,,,
1430925816.31031,pg_catalog,pg_shdepend,18,18,2038,510,0,0,0,0,1,0,12,522,48,2121,,,,
1430925816.31031,pg_catalog,pg_conversion,4,528,0,0,0,0,0,0,132,0,6,9,0,0,,,,
1430925816.31031,pg_catalog,pg_foreign_data_wrapper,3,0,0,0,0,0,0,0,0,0,0,0,0,0,,,,
1430925816.31031,pg_catalog,pg_opfamily,3,258,0,0,0,0,0,0,86,0,4,4,0,0,,,,
1430925816.31031,pg_catalog,pg_shdescription,12,36,5,0,0,0,0,0,3,0,12,6,10,0,0,0,0,0
1430925816.31031,pg_catalog,pg_tablespace,35,70,411,411,0,0,0,0,2,0,17,435,27,805,,,,
1430925816.31031,pg_catalog,pg_inherits,3,0,84,0,0,0,0,0,0,0,0,0,2,82,,,,
1430925816.31031,pg_toast,pg_toast_2606,0,0,0,0,0,0,0,0,0,0,0,0,0,0,,,,
1430925816.31031,pg_toast,pg_toast_2964,0,0,0,0,0,0,0,0,0,0,0,0,0,0,,,,
1430925816.31031,pg_catalog,pg_database,197,703,2611,2599,6,0,5,0,4,0,6,2818,60,4063,,,,
1430925816.31031,pg_toast,pg_toast_2620,0,0,0,0,0,0,0,0,0,0,0,0,0,0,,,,
1430925816.31031,pg_catalog,pg_amproc,17,1060,407,614,0,0,0,0,344,0,9,432,9,905,,,,
1430925816.31031,pg_catalog,pg_collation,3,2766,0,0,0,0,0,0,922,0,56,56,0,0,,,,
1430925816.31031,pg_catalog,pg_constraint,5,50,8,0,8,0,0,0,10,0,6,33,8,64,0,0,0,0
1430925816.31031,pg_catalog,pg_range,2,12,2,0,0,0,0,0,6,0,2,1,2,2,,,,
1430925816.31031,pg_toast,pg_toast_12639,0,0,0,0,0,0,0,0,0,0,0,0,0,0,,,,
1430925816.31031,pg_toast,pg_toast_12654,0,0,0,0,0,0,0,0,0,0,0,0,0,0,,,,
1430925816.31031,pg_catalog,pg_user_mapping,3,0,0,0,0,0,0,0,0,0,0,0,0,0,,,,
1430925816.31031,pg_catalog,pg_largeobject,2,0,0,0,0,0,0,0,0,0,0,0,0,0,,,,
1430925816.31031,pg_catalog,pg_namespace,9,54,486,394,0,0,0,0,6,0,3,401,12,587,,,,
1430925816.31031,information_schema,sql_packages,1,10,,,0,0,0,0,10,0,2,0,,,0,0,0,0
1430925816.31031,pg_catalog,pg_authid,97,97,1311,1311,0,0,0,0,1,0,17,1397,56,2568,,,,
1430925816.31031,pg_catalog,pg_index,65,1777,1764,2113,27,0,17,0,123,17,13,1942,12,1988,,,,
1430925816.31031,pg_catalog,pg_ts_dict,3,48,0,0,0,0,0,0,16,0,2,2,0,0,,,,
1430925816.31031,pg_catalog,pg_class,128,8686,5542,5012,122,324,101,68,316,0,33,7160,34,10758,,,,
1430925816.31031,pg_toast,pg_toast_2396,0,0,0,0,0,0,0,0,0,0,0,0,0,0,,,,
1430925816.31031,pg_catalog,pg_enum,4,0,0,0,0,0,0,0,0,0,0,0,0,0,,,,
1430925816.31031,pg_catalog,pg_db_role_setting,17,0,3000,0,0,0,0,0,0,0,0,0,13,2987,0,0,0,0
1430925816.31031,pg_toast,pg_toast_12649,0,0,0,0,0,0,0,0,0,0,0,0,0,0,,,,
1430925816.31031,information_schema,sql_parts,1,9,,,0,0,0,0,9,0,2,0,,,0,0,0,0
1430925816.31031,pg_catalog,pg_seclabel,2,0,252,0,0,0,0,0,0,0,0,0,2,250,0,0,0,0
1430925816.31031,public,district,84340,747470,295702,295702,10,177558,0,177005,10,413,118,3699695,2,296291,,,,
1430925816.31031,information_schema,sql_implementation_info,1,12,,,0,0,0,0,12,0,2,0,,,0,0,0,0
1430925816.31031,pg_toast,pg_toast_2609,0,0,0,0,0,0,0,0,0,0,0,0,0,0,,,,
1430925816.31031,pg_toast,pg_toast_1255,0,0,0,0,0,0,0,0,0,0,0,0,0,0,,,,
1430925816.31031,pg_toast,pg_toast_12644,0,0,0,0,0,0,0,0,0,0,0,0,0,0,,,,
1430925816.31031,pg_catalog,pg_rewrite,3,327,16,16,0,0,0,0,109,0,27,33,2,26,51,47,8,154
1430925816.31031,pg_catalog,pg_ts_config,3,48,0,0,0,0,0,0,16,0,2,2,0,0,,,,
1430925816.31031,pg_catalog,pg_extension,3,3,0,0,0,0,0,0,1,0,2,2,0,0,,,,
1430925816.31031,pg_catalog,pg_amop,4,1744,540,676,0,0,0,0,436,0,12,684,23,1163,,,,
1430925816.31031,pg_catalog,pg_cast,3,594,3334,637,0,0,0,0,198,0,6,639,6,3379,,,,
1430925816.31031,public,order_line,4,1138512,178195,1921832,1238631,838140,0,546365,1229369,107955,26293,3632490,8727,4311736,,,,
1430925816.31031,pg_toast,pg_toast_2619,0,0,724,2068,185,0,124,0,70,57,61,1428,4,938,,,,
1430925816.31031,public,stock,4,400000,2070619,1915242,100000,954003,0,0,99352,316517,26073,3117091,791,9100616,,,,
1430925816.31031,pg_toast,pg_toast_12629,0,0,0,0,0,0,0,0,0,0,0,0,0,0,,,,
1430925816.31031,public,warehouse,59957,45227,218911,218911,1,86576,0,84941,1,1106,121,2813906,2,220579,,,,
1430925816.31031,pg_toast,pg_toast_2604,0,0,0,0,0,0,0,0,0,0,0,0,0,0,,,,
1430925816.31031,information_schema,sql_features,1,672,,,0,0,0,0,672,0,14,0,,,0,0,0,0
1430925876.31576,pg_catalog,pg_auth_members,18,0,0,0,0,0,0,0,0,0,0,0,0,0,,,,
1430925876.31576,pg_catalog,pg_operator,3,2295,555,2965,0,0,0,0,765,0,42,2112,20,1212,,,,
1430925876.31576,pg_catalog,pg_aggregate,2,266,25,25,0,0,0,0,133,0,5,26,2,38,,,,
1430925876.31576,pg_catalog,pg_pltemplate,12,96,0,0,0,0,0,0,8,0,12,6,0,0,,,,
1430925876.31576,pg_catalog,pg_description,2,7372,252,0,0,0,0,0,3686,0,64,32,6,501,0,0,0,0
1430925876.31576,pg_catalog,pg_language,4,16,10,10,0,0,0,0,4,0,2,13,4,18,,,,
1430925876.31576,information_schema,sql_sizing_profiles,1,0,,,0,0,0,0,0,0,0,0,,,0,0,0,0
1430925876.31576,pg_catalog,pg_ts_parser,3,3,0,0,0,0,0,0,1,0,2,2,0,0,,,,
1430925876.31576,pg_catalog,pg_event_trigger,3,0,27,0,0,0,0,0,0,0,0,0,2,25,,,,
1430925876.31576,pg_catalog,pg_shseclabel,12,0,5,0,0,0,0,0,0,0,0,0,5,0,,,,
1430925876.31576,pg_catalog,pg_foreign_table,2,0,0,0,0,0,0,0,0,0,0,0,0,0,,,,
1430925876.31576,pg_toast,pg_toast_12659,0,0,0,0,0,0,0,0,0,0,0,0,0,0,,,,
1430925876.31576,public,new_order,4,36000,242780,212509,145833,0,88050,0,56401,17544,512,1151706,748,2140451,,,,
1430925876.31576,pg_catalog,pg_attrdef,3,0,0,0,0,0,0,0,0,0,0,0,0,0,0,0,0,0
1430925876.31576,pg_catalog,pg_ts_template,3,15,0,0,0,0,0,0,5,0,2,2,0,0,,,,
1430925876.31576,pg_catalog,pg_foreign_server,3,0,0,0,0,0,0,0,0,0,0,0,0,0,,,,
1430925876.31576,pg_catalog,pg_default_acl,3,0,59,0,0,0,0,0,0,0,0,0,2,57,,,,
1430925876.31576,pg_toast,pg_toast_12634,0,0,0,0,0,0,0,0,0,0,0,0,0,0,,,,
1430925876.31576,pg_catalog,pg_attribute,136,8542,5611,21123,1401,20,1219,0,2491,0,193,11377,57,17095,,,,
1430925876.31576,pg_catalog,pg_statistic,2,798,4150,3953,92,713,0,310,491,70,101,5865,13,9374,61,1896,4,1232
1430925876.31576,information_schema,sql_sizing,1,23,,,0,0,0,0,23,0,2,0,,,0,0,0,0
1430925876.31576,pg_toast,pg_toast_2618,0,0,77,241,0,0,0,0,0,0,51,54,4,85,,,,
1430925876.31576,pg_toast,pg_toast_3596,0,0,0,0,0,0,0,0,0,0,0,0,0,0,,,,
1430925876.31576,public,customer,6,180000,616239,1526997,30000,251661,0,234476,30004,8398,7680,1977269,512,1417782,,,,
1430925876.31576,public,orders,6,180000,254887,370410,166833,121390,0,100824,165668,12794,1927,698921,2002,1623924,,,,
1430925876.31576,public,item,4,400000,1437169,1435828,100000,0,0,0,100000,0,3845,1442349,276,2880942,,,,
1430925876.31576,pg_catalog,pg_depend,3,20120,2731,2507,348,0,256,0,6672,256,103,3172,39,6884,,,,
1430925876.31576,information_schema,sql_languages,1,4,,,0,0,0,0,4,0,2,0,,,0,0,0,0
1430925876.31576,pg_catalog,pg_opclass,27,408,623,8264,0,0,0,0,128,0,9,2982,12,756,,,,
1430925876.31576,pg_catalog,pg_proc,3,8073,803,1054,6,0,0,0,2691,0,168,1043,33,1721,0,0,0,0
1430925876.31576,public,history,1,30000,,,160271,0,0,0,160142,0,3109,136377,,,,,,
1430925876.31576,pg_catalog,pg_trigger,4,0,0,0,0,0,0,0,0,0,0,0,0,0,0,0,0,0
1430925876.31576,pg_catalog,pg_am,120,132,0,0,0,0,0,0,5,0,3,118,0,0,,,,
1430925876.31576,pg_catalog,pg_largeobject_metadata,2,0,0,0,0,0,0,0,0,0,0,0,0,0,,,,
1430925876.31576,pg_catalog,pg_ts_config_map,2,608,0,0,0,0,0,0,304,0,4,2,0,0,,,,
1430925876.31576,pg_catalog,pg_type,3,1093,1899,1540,173,0,151,0,361,0,34,1941,25,4438,,,,
1430925876.31576,pg_catalog,pg_shdepend,18,18,2038,510,0,0,0,0,1,0,12,522,48,2121,,,,
1430925876.31576,pg_catalog,pg_conversion,4,528,0,0,0,0,0,0,132,0,6,9,0,0,,,,
1430925876.31576,pg_catalog,pg_foreign_data_wrapper,3,0,0,0,0,0,0,0,0,0,0,0,0,0,,,,
1430925876.31576,pg_catalog,pg_opfamily,3,258,0,0,0,0,0,0,86,0,4,4,0,0,,,,
1430925876.31576,pg_catalog,pg_shdescription,12,36,5,0,0,0,0,0,3,0,12,6,10,0,0,0,0,0
1430925876.31576,pg_catalog,pg_tablespace,35,70,416,416,0,0,0,0,2,0,17,440,27,815,,,,
1430925876.31576,pg_catalog,pg_inherits,3,0,84,0,0,0,0,0,0,0,0,0,2,82,,,,
1430925876.31576,pg_toast,pg_toast_2606,0,0,0,0,0,0,0,0,0,0,0,0,0,0,,,,
1430925876.31576,pg_toast,pg_toast_2964,0,0,0,0,0,0,0,0,0,0,0,0,0,0,,,,
1430925876.31576,pg_catalog,pg_database,200,715,2649,2637,6,0,5,0,4,0,6,2859,60,4115,,,,
1430925876.31576,pg_toast,pg_toast_2620,0,0,0,0,0,0,0,0,0,0,0,0,0,0,,,,
1430925876.31576,pg_catalog,pg_amproc,27,1080,455,675,0,0,0,0,344,0,9,507,9,1007,,,,
1430925876.31576,pg_catalog,pg_collation,3,2766,0,0,0,0,0,0,922,0,56,56,0,0,,,,
1430925876.31576,pg_catalog,pg_constraint,5,50,8,0,8,0,0,0,10,0,6,33,8,64,0,0,0,0
1430925876.31576,pg_catalog,pg_range,2,12,2,0,0,0,0,0,6,0,2,1,2,2,,,,
1430925876.31576,pg_toast,pg_toast_12639,0,0,0,0,0,0,0,0,0,0,0,0,0,0,,,,
1430925876.31576,pg_toast,pg_toast_12654,0,0,0,0,0,0,0,0,0,0,0,0,0,0,,,,
1430925876.31576,pg_catalog,pg_user_mapping,3,0,0,0,0,0,0,0,0,0,0,0,0,0,,,,
1430925876.31576,pg_catalog,pg_largeobject,2,0,0,0,0,0,0,0,0,0,0,0,0,0,,,,
1430925876.31576,pg_catalog,pg_namespace,11,66,626,529,0,0,0,0,6,0,3,538,12,735,,,,
1430925876.31576,information_schema,sql_packages,1,10,,,0,0,0,0,10,0,2,0,,,0,0,0,0
1430925876.31576,pg_catalog,pg_authid,98,98,1322,1322,0,0,0,0,1,0,17,1409,56,2590,,,,
1430925876.31576,pg_catalog,pg_index,105,2427,2177,2560,27,0,17,0,123,17,13,2424,12,2413,,,,
1430925876.31576,pg_catalog,pg_ts_dict,3,48,0,0,0,0,0,0,16,0,2,2,0,0,,,,
1430925876.31576,pg_catalog,pg_class,193,11602,6752,6099,122,324,101,68,316,0,33,8546,34,12111,,,,
1430925876.31576,pg_toast,pg_toast_2396,0,0,0,0,0,0,0,0,0,0,0,0,0,0,,,,
1430925876.31576,pg_catalog,pg_enum,4,0,0,0,0,0,0,0,0,0,0,0,0,0,,,,
1430925876.31576,pg_catalog,pg_db_role_setting,17,0,3028,0,0,0,0,0,0,0,0,0,13,3015,0,0,0,0
1430925876.31576,pg_toast,pg_toast_12649,0,0,0,0,0,0,0,0,0,0,0,0,0,0,,,,
1430925876.31576,information_schema,sql_parts,1,9,,,0,0,0,0,9,0,2,0,,,0,0,0,0
1430925876.31576,pg_catalog,pg_seclabel,2,0,252,0,0,0,0,0,0,0,0,0,2,250,0,0,0,0
1430925876.31576,public,district,84340,747470,482901,482901,10,267104,0,266249,10,317,118,5755491,2,483803,,,,
1430925876.31576,information_schema,sql_implementation_info,1,12,,,0,0,0,0,12,0,2,0,,,0,0,0,0
1430925876.31576,pg_toast,pg_toast_2609,0,0,0,0,0,0,0,0,0,0,0,0,0,0,,,,
1430925876.31576,pg_toast,pg_toast_1255,0,0,0,0,0,0,0,0,0,0,0,0,0,0,,,,
1430925876.31576,pg_toast,pg_toast_12644,0,0,0,0,0,0,0,0,0,0,0,0,0,0,,,,
1430925876.31576,pg_catalog,pg_rewrite,3,327,23,23,0,0,0,0,109,0,27,40,2,38,51,54,8,170
1430925876.31576,pg_catalog,pg_ts_config,3,48,0,0,0,0,0,0,16,0,2,2,0,0,,,,
1430925876.31576,pg_catalog,pg_extension,3,3,0,0,0,0,0,0,1,0,2,2,0,0,,,,
1430925876.31576,pg_catalog,pg_amop,4,1744,597,742,0,0,0,0,436,0,12,750,23,1287,,,,
1430925876.31576,pg_catalog,pg_cast,3,594,3517,685,0,0,0,0,198,0,6,687,6,3568,,,,
1430925876.31576,public,order_line,4,1138512,267101,2903150,1720449,1262598,0,798795,1673331,349243,34509,5566451,12419,6555857,,,,
1430925876.31576,pg_toast,pg_toast_2619,0,0,959,2740,243,0,180,0,72,113,61,1896,4,1232,,,,
1430925876.31576,public,stock,4,400000,3126378,2882903,100000,1435821,0,0,99385,313726,26261,4728927,798,13728457,,,,
1430925876.31576,pg_toast,pg_toast_12629,0,0,0,0,0,0,0,0,0,0,0,0,0,0,,,,
1430925876.31576,public,warehouse,59957,45227,352152,352152,1,130271,0,127792,1,1328,133,3757793,2,354675,,,,
1430925876.31576,pg_toast,pg_toast_2604,0,0,0,0,0,0,0,0,0,0,0,0,0,0,,,,
1430925876.31576,information_schema,sql_features,1,672,,,0,0,0,0,672,0,14,0,,,0,0,0,0
1430925936.31445,pg_catalog,pg_auth_members,18,0,0,0,0,0,0,0,0,0,0,0,0,0,,,,
1430925936.31445,pg_catalog,pg_operator,3,2295,578,2988,0,0,0,0,765,0,42,2135,20,1267,,,,
1430925936.31445,pg_catalog,pg_aggregate,2,266,26,26,0,0,0,0,133,0,5,27,2,40,,,,
1430925936.31445,pg_catalog,pg_pltemplate,12,96,0,0,0,0,0,0,8,0,12,6,0,0,,,,
1430925936.31445,pg_catalog,pg_description,2,7372,252,0,0,0,0,0,3686,0,64,32,6,501,0,0,0,0
1430925936.31445,pg_catalog,pg_language,4,16,10,10,0,0,0,0,4,0,2,13,4,18,,,,
1430925936.31445,information_schema,sql_sizing_profiles,1,0,,,0,0,0,0,0,0,0,0,,,0,0,0,0
1430925936.31445,pg_catalog,pg_ts_parser,3,3,0,0,0,0,0,0,1,0,2,2,0,0,,,,
1430925936.31445,pg_catalog,pg_event_trigger,3,0,27,0,0,0,0,0,0,0,0,0,2,25,,,,
1430925936.31445,pg_catalog,pg_shseclabel,12,0,5,0,0,0,0,0,0,0,0,0,5,0,,,,
1430925936.31445,pg_catalog,pg_foreign_table,2,0,0,0,0,0,0,0,0,0,0,0,0,0,,,,
1430925936.31445,pg_toast,pg_toast_12659,0,0,0,0,0,0,0,0,0,0,0,0,0,0,,,,
1430925936.31445,public,new_order,4,36000,324540,283795,192239,0,117570,0,72867,17577,618,1674821,861,3001946,,,,
1430925936.31445,pg_catalog,pg_attrdef,3,0,0,0,0,0,0,0,0,0,0,0,0,0,0,0,0,0
1430925936.31445,pg_catalog,pg_ts_template,3,15,0,0,0,0,0,0,5,0,2,2,0,0,,,,
1430925936.31445,pg_catalog,pg_foreign_server,3,0,0,0,0,0,0,0,0,0,0,0,0,0,,,,
1430925936.31445,pg_catalog,pg_default_acl,3,0,59,0,0,0,0,0,0,0,0,0,2,57,,,,
1430925936.31445,pg_toast,pg_toast_12634,0,0,0,0,0,0,0,0,0,0,0,0,0,0,,,,
1430925936.31445,pg_catalog,pg_attribute,136,8542,6155,23596,1401,20,1219,0,2491,0,193,12109,57,18191,,,,
1430925936.31445,pg_catalog,pg_statistic,2,798,4953,4750,92,791,0,373,491,132,101,6793,13,11016,61,2478,4,1525
1430925936.31445,information_schema,sql_sizing,1,23,,,0,0,0,0,23,0,2,0,,,0,0,0,0
1430925936.31445,pg_toast,pg_toast_2618,0,0,82,257,0,0,0,0,0,0,51,61,4,93,,,,
1430925936.31445,pg_toast,pg_toast_3596,0,0,0,0,0,0,0,0,0,0,0,0,0,0,,,,
1430925936.31445,public,customer,6,180000,825626,2037012,30000,336850,0,315958,29989,5038,7725,2635703,518,1889649,,,,
1430925936.31445,public,orders,6,180000,340834,542225,213239,162270,0,135095,211429,20367,2342,980052,2568,2202777,,,,
1430925936.31445,public,item,4,400000,1923937,1922126,100000,0,0,0,100000,0,3845,1928647,276,3856742,,,,
1430925936.31445,pg_catalog,pg_depend,3,20120,2731,2507,348,0,256,0,6672,256,103,3172,39,6884,,,,
1430925936.31445,information_schema,sql_languages,1,4,,,0,0,0,0,4,0,2,0,,,0,0,0,0
1430925936.31445,pg_catalog,pg_opclass,27,408,652,8718,0,0,0,0,128,0,9,3135,12,795,,,,
1430925936.31445,pg_catalog,pg_proc,3,8073,881,1167,6,0,0,0,2691,0,168,1136,33,1887,0,0,0,0
1430925936.31445,public,history,1,30000,,,204580,0,0,0,204545,0,3936,183417,,,,,,
1430925936.31445,pg_catalog,pg_trigger,4,0,0,0,0,0,0,0,0,0,0,0,0,0,0,0,0,0
1430925936.31445,pg_catalog,pg_am,126,138,0,0,0,0,0,0,5,0,3,124,0,0,,,,
1430925936.31445,pg_catalog,pg_largeobject_metadata,2,0,0,0,0,0,0,0,0,0,0,0,0,0,,,,
1430925936.31445,pg_catalog,pg_ts_config_map,2,608,0,0,0,0,0,0,304,0,4,2,0,0,,,,
1430925936.31445,pg_catalog,pg_type,3,1093,1998,1639,173,0,151,0,361,0,34,2040,25,4642,,,,
1430925936.31445,pg_catalog,pg_shdepend,18,18,2038,510,0,0,0,0,1,0,12,522,48,2121,,,,
1430925936.31445,pg_catalog,pg_conversion,4,528,0,0,0,0,0,0,132,0,6,9,0,0,,,,
1430925936.31445,pg_catalog,pg_foreign_data_wrapper,3,0,0,0,0,0,0,0,0,0,0,0,0,0,,,,
1430925936.31445,pg_catalog,pg_opfamily,3,258,0,0,0,0,0,0,86,0,4,4,0,0,,,,
1430925936.31445,pg_catalog,pg_shdescription,12,36,5,0,0,0,0,0,3,0,12,6,10,0,0,0,0,0
1430925936.31445,pg_catalog,pg_tablespace,35,70,421,421,0,0,0,0,2,0,17,445,27,825,,,,
1430925936.31445,pg_catalog,pg_inherits,3,0,84,0,0,0,0,0,0,0,0,0,2,82,,,,
1430925936.31445,pg_toast,pg_toast_2606,0,0,0,0,0,0,0,0,0,0,0,0,0,0,,,,
1430925936.31445,pg_toast,pg_toast_2964,0,0,0,0,0,0,0,0,0,0,0,0,0,0,,,,
1430925936.31445,pg_catalog,pg_database,203,727,2687,2675,6,0,5,0,4,0,6,2900,60,4167,,,,
1430925936.31445,pg_toast,pg_toast_2620,0,0,0,0,0,0,0,0,0,0,0,0,0,0,,,,
1430925936.31445,pg_catalog,pg_amproc,27,1080,480,705,0,0,0,0,344,0,9,529,9,1063,,,,
1430925936.31445,pg_catalog,pg_collation,3,2766,0,0,0,0,0,0,922,0,56,56,0,0,,,,
1430925936.31445,pg_catalog,pg_constraint,5,50,8,0,8,0,0,0,10,0,6,33,8,64,0,0,0,0
1430925936.31445,pg_catalog,pg_range,2,12,2,0,0,0,0,0,6,0,2,1,2,2,,,,
1430925936.31445,pg_toast,pg_toast_12639,0,0,0,0,0,0,0,0,0,0,0,0,0,0,,,,
1430925936.31445,pg_toast,pg_toast_12654,0,0,0,0,0,0,0,0,0,0,0,0,0,0,,,,
1430925936.31445,pg_catalog,pg_user_mapping,3,0,0,0,0,0,0,0,0,0,0,0,0,0,,,,
1430925936.31445,pg_catalog,pg_largeobject,2,0,0,0,0,0,0,0,0,0,0,0,0,0,,,,
1430925936.31445,pg_catalog,pg_namespace,13,78,766,664,0,0,0,0,6,0,3,675,12,883,,,,
1430925936.31445,information_schema,sql_packages,1,10,,,0,0,0,0,10,0,2,0,,,0,0,0,0
1430925936.31445,pg_catalog,pg_authid,99,99,1333,1333,0,0,0,0,1,0,17,1421,56,2612,,,,
1430925936.31445,pg_catalog,pg_index,110,3042,2379,2807,27,0,17,0,123,17,13,2640,12,2627,,,,
1430925936.31445,pg_catalog,pg_ts_dict,3,48,0,0,0,0,0,0,16,0,2,2,0,0,,,,
1430925936.31445,pg_catalog,pg_class,203,14463,7622,6846,122,324,101,68,316,0,33,9398,34,13142,,,,
1430925936.31445,pg_toast,pg_toast_2396,0,0,0,0,0,0,0,0,0,0,0,0,0,0,,,,
1430925936.31445,pg_catalog,pg_enum,4,0,0,0,0,0,0,0,0,0,0,0,0,0,,,,
1430925936.31445,pg_catalog,pg_db_role_setting,17,0,3056,0,0,0,0,0,0,0,0,0,13,3043,0,0,0,0
1430925936.31445,pg_toast,pg_toast_12649,0,0,0,0,0,0,0,0,0,0,0,0,0,0,,,,
1430925936.31445,information_schema,sql_parts,1,9,,,0,0,0,0,9,0,2,0,,,0,0,0,0
1430925936.31445,pg_catalog,pg_seclabel,2,0,252,0,0,0,0,0,0,0,0,0,2,250,0,0,0,0
1430925936.31445,public,district,84340,747470,672029,672029,10,357819,0,356579,10,281,148,7805863,2,673327,,,,
1430925936.31445,information_schema,sql_implementation_info,1,12,,,0,0,0,0,12,0,2,0,,,0,0,0,0
1430925936.31445,pg_toast,pg_toast_2609,0,0,0,0,0,0,0,0,0,0,0,0,0,0,,,,
1430925936.31445,pg_toast,pg_toast_1255,0,0,0,0,0,0,0,0,0,0,0,0,0,0,,,,
1430925936.31445,pg_toast,pg_toast_12644,0,0,0,0,0,0,0,0,0,0,0,0,0,0,,,,
1430925936.31445,pg_catalog,pg_rewrite,3,327,30,30,0,0,0,0,109,0,27,47,2,50,51,61,8,186
1430925936.31445,pg_catalog,pg_ts_config,3,48,0,0,0,0,0,0,16,0,2,2,0,0,,,,
1430925936.31445,pg_catalog,pg_extension,3,3,0,0,0,0,0,0,1,0,2,2,0,0,,,,
1430925936.31445,pg_catalog,pg_amop,4,1744,654,808,0,0,0,0,436,0,12,816,23,1411,,,,
1430925936.31445,pg_catalog,pg_cast,3,594,3700,733,0,0,0,0,198,0,6,735,6,3757,,,,
1430925936.31445,public,order_line,4,1138512,357280,3889853,2206746,1691840,0,1095633,2168873,109042,39253,7387729,16134,8711861,,,,
1430925936.31445,pg_toast,pg_toast_2619,0,0,1185,3396,299,0,238,0,69,60,61,2478,4,1525,,,,
1430925936.31445,public,stock,4,400000,4183710,3858965,100000,1922118,0,0,99321,326311,26490,6388963,834,18377849,,,,
1430925936.31445,pg_toast,pg_toast_12629,0,0,0,0,0,0,0,0,0,0,0,0,0,0,,,,
1430925936.31445,public,warehouse,59957,45227,487176,487176,1,174580,0,171245,1,1400,143,4841485,2,490556,,,,
1430925936.31445,pg_toast,pg_toast_2604,0,0,0,0,0,0,0,0,0,0,0,0,0,0,,,,
1430925936.31445,information_schema,sql_features,1,672,,,0,0,0,0,672,0,14,0,,,0,0,0,0
1430925996.31724,pg_catalog,pg_auth_members,18,0,0,0,0,0,0,0,0,0,0,0,0,0,,,,
1430925996.31724,pg_catalog,pg_operator,3,2295,601,3011,0,0,0,0,765,0,42,2158,20,1322,,,,
1430925996.31724,pg_catalog,pg_aggregate,2,266,27,27,0,0,0,0,133,0,5,28,2,42,,,,
1430925996.31724,pg_catalog,pg_pltemplate,12,96,0,0,0,0,0,0,8,0,12,6,0,0,,,,
1430925996.31724,pg_catalog,pg_description,2,7372,252,0,0,0,0,0,3686,0,64,32,6,501,0,0,0,0
1430925996.31724,pg_catalog,pg_language,4,16,10,10,0,0,0,0,4,0,2,13,4,18,,,,
1430925996.31724,information_schema,sql_sizing_profiles,1,0,,,0,0,0,0,0,0,0,0,,,0,0,0,0
1430925996.31724,pg_catalog,pg_ts_parser,3,3,0,0,0,0,0,0,1,0,2,2,0,0,,,,
1430925996.31724,pg_catalog,pg_event_trigger,3,0,27,0,0,0,0,0,0,0,0,0,2,25,,,,
1430925996.31724,pg_catalog,pg_shseclabel,12,0,5,0,0,0,0,0,0,0,0,0,5,0,,,,
1430925996.31724,pg_catalog,pg_foreign_table,2,0,0,0,0,0,0,0,0,0,0,0,0,0,,,,
1430925996.31724,pg_toast,pg_toast_12659,0,0,0,0,0,0,0,0,0,0,0,0,0,0,,,,
1430925996.31724,public,new_order,4,36000,401880,351069,235745,0,145220,0,88322,16482,690,2180422,973,3805195,,,,
1430925996.31724,pg_catalog,pg_attrdef,3,0,0,0,0,0,0,0,0,0,0,0,0,0,0,0,0,0
1430925996.31724,pg_catalog,pg_ts_template,3,15,0,0,0,0,0,0,5,0,2,2,0,0,,,,
1430925996.31724,pg_catalog,pg_foreign_server,3,0,0,0,0,0,0,0,0,0,0,0,0,0,,,,
1430925996.31724,pg_catalog,pg_default_acl,3,0,59,0,0,0,0,0,0,0,0,0,2,57,,,,
1430925996.31724,pg_toast,pg_toast_12634,0,0,0,0,0,0,0,0,0,0,0,0,0,0,,,,
1430925996.31724,pg_catalog,pg_attribute,136,8542,6671,25709,1401,20,1219,0,2491,0,193,12792,57,19231,,,,
1430925996.31724,pg_catalog,pg_statistic,2,798,5756,5547,92,869,0,440,491,172,101,7715,13,12650,61,2934,4,1807
1430925996.31724,information_schema,sql_sizing,1,23,,,0,0,0,0,23,0,2,0,,,0,0,0,0
1430925996.31724,pg_toast,pg_toast_2618,0,0,87,273,0,0,0,0,0,0,51,68,4,101,,,,
1430925996.31724,pg_toast,pg_toast_3596,0,0,0,0,0,0,0,0,0,0,0,0,0,0,,,,
1430925996.31724,public,customer,6,180000,1020922,2532466,30000,416655,0,392433,30001,9639,7796,3259601,532,2328434,,,,
1430925996.31724,public,orders,6,180000,422047,723767,256745,200940,0,167860,254570,27318,2728,1264022,3137,2746295,,,,
1430925996.31724,public,item,4,400000,2381059,2378815,100000,0,0,0,100000,0,3845,2385336,276,4773200,,,,
1430925996.31724,pg_catalog,pg_depend,3,20120,2731,2507,348,0,256,0,6672,256,103,3172,39,6884,,,,
1430925996.31724,information_schema,sql_languages,1,4,,,0,0,0,0,4,0,2,0,,,0,0,0,0
1430925996.31724,pg_catalog,pg_opclass,27,408,684,9175,0,0,0,0,128,0,9,3291,12,837,,,,
1430925996.31724,pg_catalog,pg_proc,3,8073,959,1280,6,0,0,0,2691,0,168,1229,33,2053,0,0,0,0
1430925996.31724,public,history,1,30000,,,245715,0,0,0,245674,0,4730,227708,,,,,,
1430925996.31724,pg_catalog,pg_trigger,4,0,0,0,0,0,0,0,0,0,0,0,0,0,0,0,0,0
1430925996.31724,pg_catalog,pg_am,132,144,0,0,0,0,0,0,5,0,3,130,0,0,,,,
1430925996.31724,pg_catalog,pg_largeobject_metadata,2,0,0,0,0,0,0,0,0,0,0,0,0,0,,,,
1430925996.31724,pg_catalog,pg_ts_config_map,2,608,0,0,0,0,0,0,304,0,4,2,0,0,,,,
1430925996.31724,pg_catalog,pg_type,3,1093,2097,1738,173,0,151,0,361,0,34,2139,25,4846,,,,
1430925996.31724,pg_catalog,pg_shdepend,18,18,2038,510,0,0,0,0,1,0,12,522,48,2121,,,,
1430925996.31724,pg_catalog,pg_conversion,4,528,0,0,0,0,0,0,132,0,6,9,0,0,,,,
1430925996.31724,pg_catalog,pg_foreign_data_wrapper,3,0,0,0,0,0,0,0,0,0,0,0,0,0,,,,
1430925996.31724,pg_catalog,pg_opfamily,3,258,0,0,0,0,0,0,86,0,4,4,0,0,,,,
1430925996.31724,pg_catalog,pg_shdescription,12,36,5,0,0,0,0,0,3,0,12,6,10,0,0,0,0,0
1430925996.31724,pg_catalog,pg_tablespace,35,70,426,426,0,0,0,0,2,0,17,450,27,835,,,,
1430925996.31724,pg_catalog,pg_inherits,3,0,84,0,0,0,0,0,0,0,0,0,2,82,,,,
1430925996.31724,pg_toast,pg_toast_2606,0,0,0,0,0,0,0,0,0,0,0,0,0,0,,,,
1430925996.31724,pg_toast,pg_toast_2964,0,0,0,0,0,0,0,0,0,0,0,0,0,0,,,,
1430925996.31724,pg_catalog,pg_database,206,739,2725,2713,6,0,5,0,4,0,6,2941,60,4219,,,,
1430925996.31724,pg_toast,pg_toast_2620,0,0,0,0,0,0,0,0,0,0,0,0,0,0,,,,
1430925996.31724,pg_catalog,pg_amproc,27,1080,508,741,0,0,0,0,344,0,9,554,9,1125,,,,
1430925996.31724,pg_catalog,pg_collation,3,2766,0,0,0,0,0,0,922,0,56,56,0,0,,,,
1430925996.31724,pg_catalog,pg_constraint,5,50,8,0,8,0,0,0,10,0,6,33,8,64,0,0,0,0
1430925996.31724,pg_catalog,pg_range,2,12,2,0,0,0,0,0,6,0,2,1,2,2,,,,
1430925996.31724,pg_toast,pg_toast_12639,0,0,0,0,0,0,0,0,0,0,0,0,0,0,,,,
1430925996.31724,pg_toast,pg_toast_12654,0,0,0,0,0,0,0,0,0,0,0,0,0,0,,,,
1430925996.31724,pg_catalog,pg_user_mapping,3,0,0,0,0,0,0,0,0,0,0,0,0,0,,,,
1430925996.31724,pg_catalog,pg_largeobject,2,0,0,0,0,0,0,0,0,0,0,0,0,0,,,,
1430925996.31724,pg_catalog,pg_namespace,15,90,905,798,0,0,0,0,6,0,3,811,12,1030,,,,
1430925996.31724,information_schema,sql_packages,1,10,,,0,0,0,0,10,0,2,0,,,0,0,0,0
1430925996.31724,pg_catalog,pg_authid,100,100,1344,1344,0,0,0,0,1,0,17,1433,56,2634,,,,
1430925996.31724,pg_catalog,pg_index,115,3657,2553,3015,27,0,17,0,123,17,13,2828,12,2813,,,,
1430925996.31724,pg_catalog,pg_ts_dict,3,48,0,0,0,0,0,0,16,0,2,2,0,0,,,,
1430925996.31724,pg_catalog,pg_class,213,17324,8427,7528,122,324,101,68,316,0,33,10182,34,14090,,,,
1430925996.31724,pg_toast,pg_toast_2396,0,0,0,0,0,0,0,0,0,0,0,0,0,0,,,,
1430925996.31724,pg_catalog,pg_enum,4,0,0,0,0,0,0,0,0,0,0,0,0,0,,,,
1430925996.31724,pg_catalog,pg_db_role_setting,17,0,3084,0,0,0,0,0,0,0,0,0,13,3071,0,0,0,0
1430925996.31724,pg_toast,pg_toast_12649,0,0,0,0,0,0,0,0,0,0,0,0,0,0,,,,
1430925996.31724,information_schema,sql_parts,1,9,,,0,0,0,0,9,0,2,0,,,0,0,0,0
1430925996.31724,pg_catalog,pg_seclabel,2,0,252,0,0,0,0,0,0,0,0,0,2,250,0,0,0,0
1430925996.31724,public,district,84340,747470,848879,848879,10,442460,0,440864,10,616,154,10824753,2,850544,,,,
1430925996.31724,information_schema,sql_implementation_info,1,12,,,0,0,0,0,12,0,2,0,,,0,0,0,0
1430925996.31724,pg_toast,pg_toast_2609,0,0,0,0,0,0,0,0,0,0,0,0,0,0,,,,
1430925996.31724,pg_toast,pg_toast_1255,0,0,0,0,0,0,0,0,0,0,0,0,0,0,,,,
1430925996.31724,pg_toast,pg_toast_12644,0,0,0,0,0,0,0,0,0,0,0,0,0,0,,,,
1430925996.31724,pg_catalog,pg_rewrite,3,327,37,37,0,0,0,0,109,0,27,54,2,62,51,68,8,202
1430925996.31724,pg_catalog,pg_ts_config,3,48,0,0,0,0,0,0,16,0,2,2,0,0,,,,
1430925996.31724,pg_catalog,pg_extension,3,3,0,0,0,0,0,0,1,0,2,2,0,0,,,,
1430925996.31724,pg_catalog,pg_amop,4,1744,711,874,0,0,0,0,436,0,12,882,23,1535,,,,
1430925996.31724,pg_catalog,pg_cast,3,594,3883,781,0,0,0,0,198,0,6,783,6,3946,,,,
1430925996.31724,public,order_line,4,1138512,442339,4828746,2663431,2100188,0,1367391,2601978,314503,46188,9096406,19562,10761708,,,,
1430925996.31724,pg_toast,pg_toast_2619,0,0,1409,4048,355,0,294,0,69,116,61,2934,4,1807,,,,
1430925996.31724,public,stock,4,400000,5178974,4776065,100000,2378803,0,0,99663,298608,26699,7949224,836,22755492,,,,
1430925996.31724,pg_toast,pg_toast_12629,0,0,0,0,0,0,0,0,0,0,0,0,0,0,,,,
1430925996.31724,public,warehouse,59957,45227,612952,612952,1,215715,0,211584,1,1235,163,5810739,2,617139,,,,
1430925996.31724,pg_toast,pg_toast_2604,0,0,0,0,0,0,0,0,0,0,0,0,0,0,,,,
1430925996.31724,information_schema,sql_features,1,672,,,0,0,0,0,672,0,14,0,,,0,0,0,0
1430926056.3253,pg_catalog,pg_auth_members,18,0,0,0,0,0,0,0,0,0,0,0,0,0,,,,
1430926056.3253,pg_catalog,pg_operator,3,2295,624,3034,0,0,0,0,765,0,42,2181,20,1377,,,,
1430926056.3253,pg_catalog,pg_aggregate,2,266,28,28,0,0,0,0,133,0,5,29,2,44,,,,
1430926056.3253,pg_catalog,pg_pltemplate,12,96,0,0,0,0,0,0,8,0,12,6,0,0,,,,
1430926056.3253,pg_catalog,pg_description,2,7372,252,0,0,0,0,0,3686,0,64,32,6,501,0,0,0,0
1430926056.3253,pg_catalog,pg_language,4,16,10,10,0,0,0,0,4,0,2,13,4,18,,,,
1430926056.3253,information_schema,sql_sizing_profiles,1,0,,,0,0,0,0,0,0,0,0,,,0,0,0,0
1430926056.3253,pg_catalog,pg_ts_parser,3,3,0,0,0,0,0,0,1,0,2,2,0,0,,,,
1430926056.3253,pg_catalog,pg_event_trigger,3,0,27,0,0,0,0,0,0,0,0,0,2,25,,,,
1430926056.3253,pg_catalog,pg_shseclabel,12,0,5,0,0,0,0,0,0,0,0,0,5,0,,,,
1430926056.3253,pg_catalog,pg_foreign_table,2,0,0,0,0,0,0,0,0,0,0,0,0,0,,,,
1430926056.3253,pg_toast,pg_toast_12659,0,0,0,0,0,0,0,0,0,0,0,0,0,0,,,,
1430926056.3253,public,new_order,4,36000,479100,418083,278682,0,172690,0,103379,16350,775,2721402,1070,4588860,,,,
1430926056.3253,pg_catalog,pg_attrdef,3,0,0,0,0,0,0,0,0,0,0,0,0,0,0,0,0,0
1430926056.3253,pg_catalog,pg_ts_template,3,15,0,0,0,0,0,0,5,0,2,2,0,0,,,,
1430926056.3253,pg_catalog,pg_foreign_server,3,0,0,0,0,0,0,0,0,0,0,0,0,0,,,,
1430926056.3253,pg_catalog,pg_default_acl,3,0,59,0,0,0,0,0,0,0,0,0,2,57,,,,
1430926056.3253,pg_toast,pg_toast_12634,0,0,0,0,0,0,0,0,0,0,0,0,0,0,,,,
1430926056.3253,pg_catalog,pg_attribute,191,8917,7585,29491,1401,20,1219,0,2491,0,193,14645,57,21072,,,,
1430926056.3253,pg_catalog,pg_statistic,2,798,6559,6344,92,947,0,511,491,30,101,8717,13,14290,72,3507,4,2095
1430926056.3253,information_schema,sql_sizing,1,23,,,0,0,0,0,23,0,2,0,,,0,0,0,0
1430926056.3253,pg_toast,pg_toast_2618,0,0,92,289,0,0,0,0,0,0,51,75,4,109,,,,
1430926056.3253,pg_toast,pg_toast_3596,0,0,0,0,0,0,0,0,0,0,0,0,0,0,,,,
1430926056.3253,public,customer,6,180000,1214269,3002976,30000,495972,0,468591,29992,5569,7830,3868137,539,2762709,,,,
1430926056.3253,public,orders,6,180000,503054,935396,299682,239550,0,200522,297120,34356,3110,1577520,3685,3286049,,,,
1430926056.3253,public,item,4,400000,2832355,2829688,100000,0,0,0,100000,0,3845,2836209,276,5677982,,,,
1430926056.3253,pg_catalog,pg_depend,3,20120,2731,2507,348,0,256,0,6672,256,103,3172,39,6884,,,,
1430926056.3253,information_schema,sql_languages,1,4,,,0,0,0,0,4,0,2,0,,,0,0,0,0
1430926056.3253,pg_catalog,pg_opclass,37,418,736,9652,0,0,0,0,128,0,9,3477,12,899,,,,
1430926056.3253,pg_catalog,pg_proc,3,8073,1037,1393,6,0,0,0,2691,0,168,1322,33,2219,0,0,0,0
1430926056.3253,public,history,1,30000,,,286422,0,0,0,286302,0,5519,272030,,,,,,
1430926056.3253,pg_catalog,pg_trigger,4,0,0,0,0,0,0,0,0,0,0,0,0,0,0,0,0,0
1430926056.3253,pg_catalog,pg_am,138,150,0,0,0,0,0,0,5,0,3,136,0,0,,,,
1430926056.3253,pg_catalog,pg_largeobject_metadata,2,0,0,0,0,0,0,0,0,0,0,0,0,0,,,,
1430926056.3253,pg_catalog,pg_ts_config_map,2,608,0,0,0,0,0,0,304,0,4,2,0,0,,,,
1430926056.3253,pg_catalog,pg_type,3,1093,2196,1837,173,0,151,0,361,0,34,2238,25,5050,,,,
1430926056.3253,pg_catalog,pg_shdepend,18,18,2038,510,0,0,0,0,1,0,12,522,48,2121,,,,
1430926056.3253,pg_catalog,pg_conversion,4,528,0,0,0,0,0,0,132,0,6,9,0,0,,,,
1430926056.3253,pg_catalog,pg_foreign_data_wrapper,3,0,0,0,0,0,0,0,0,0,0,0,0,0,,,,
1430926056.3253,pg_catalog,pg_opfamily,3,258,0,0,0,0,0,0,86,0,4,4,0,0,,,,
1430926056.3253,pg_catalog,pg_shdescription,12,36,5,0,0,0,0,0,3,0,12,6,10,0,0,0,0,0
1430926056.3253,pg_catalog,pg_tablespace,35,70,431,431,0,0,0,0,2,0,17,455,27,845,,,,
1430926056.3253,pg_catalog,pg_inherits,3,0,84,0,0,0,0,0,0,0,0,0,2,82,,,,
1430926056.3253,pg_toast,pg_toast_2606,0,0,0,0,0,0,0,0,0,0,0,0,0,0,,,,
1430926056.3253,pg_toast,pg_toast_2964,0,0,0,0,0,0,0,0,0,0,0,0,0,0,,,,
1430926056.3253,pg_catalog,pg_database,209,751,2763,2751,6,0,5,0,4,0,6,2982,60,4271,,,,
1430926056.3253,pg_toast,pg_toast_2620,0,0,0,0,0,0,0,0,0,0,0,0,0,0,,,,
1430926056.3253,pg_catalog,pg_amproc,37,1100,556,802,0,0,0,0,344,0,9,629,9,1227,,,,
1430926056.3253,pg_catalog,pg_collation,3,2766,0,0,0,0,0,0,922,0,56,56,0,0,,,,
1430926056.3253,pg_catalog,pg_constraint,5,50,8,0,8,0,0,0,10,0,6,33,8,64,0,0,0,0
1430926056.3253,pg_catalog,pg_range,2,12,2,0,0,0,0,0,6,0,2,1,2,2,,,,
1430926056.3253,pg_toast,pg_toast_12639,0,0,0,0,0,0,0,0,0,0,0,0,0,0,,,,
1430926056.3253,pg_toast,pg_toast_12654,0,0,0,0,0,0,0,0,0,0,0,0,0,0,,,,
1430926056.3253,pg_catalog,pg_user_mapping,3,0,0,0,0,0,0,0,0,0,0,0,0,0,,,,
1430926056.3253,pg_catalog,pg_largeobject,2,0,0,0,0,0,0,0,0,0,0,0,0,0,,,,
1430926056.3253,pg_catalog,pg_namespace,17,102,1046,934,0,0,0,0,6,0,3,949,12,1179,,,,
1430926056.3253,information_schema,sql_packages,1,10,,,0,0,0,0,10,0,2,0,,,0,0,0,0
1430926056.3253,pg_catalog,pg_authid,101,101,1355,1355,0,0,0,0,1,0,17,1445,56,2656,,,,
1430926056.3253,pg_catalog,pg_index,155,4307,2983,3490,27,0,17,0,123,17,13,3327,12,3255,,,,
1430926056.3253,pg_catalog,pg_ts_dict,3,48,0,0,0,0,0,0,16,0,2,2,0,0,,,,
1430926056.3253,pg_catalog,pg_class,278,20240,9675,8653,122,324,101,68,316,0,33,11608,34,15491,,,,
1430926056.3253,pg_toast,pg_toast_2396,0,0,0,0,0,0,0,0,0,0,0,0,0,0,,,,
1430926056.3253,pg_catalog,pg_enum,4,0,0,0,0,0,0,0,0,0,0,0,0,0,,,,
1430926056.3253,pg_catalog,pg_db_role_setting,17,0,3112,0,0,0,0,0,0,0,0,0,13,3099,0,0,0,0
1430926056.3253,pg_toast,pg_toast_12649,0,0,0,0,0,0,0,0,0,0,0,0,0,0,,,,
1430926056.3253,information_schema,sql_parts,1,9,,,0,0,0,0,9,0,2,0,,,0,0,0,0
1430926056.3253,pg_catalog,pg_seclabel,2,0,252,0,0,0,0,0,0,0,0,0,2,250,0,0,0,0
1430926056.3253,public,district,84340,747470,1023309,1023309,10,526104,0,524101,10,408,183,14182153,2,1025392,,,,
1430926056.3253,information_schema,sql_implementation_info,1,12,,,0,0,0,0,12,0,2,0,,,0,0,0,0
1430926056.3253,pg_toast,pg_toast_2609,0,0,0,0,0,0,0,0,0,0,0,0,0,0,,,,
1430926056.3253,pg_toast,pg_toast_1255,0,0,0,0,0,0,0,0,0,0,0,0,0,0,,,,
1430926056.3253,pg_toast,pg_toast_12644,0,0,0,0,0,0,0,0,0,0,0,0,0,0,,,,
1430926056.3253,pg_catalog,pg_rewrite,3,327,44,44,0,0,0,0,109,0,27,61,2,74,51,75,8,218
1430926056.3253,pg_catalog,pg_ts_config,3,48,0,0,0,0,0,0,16,0,2,2,0,0,,,,
1430926056.3253,pg_catalog,pg_extension,3,3,0,0,0,0,0,0,1,0,2,2,0,0,,,,
1430926056.3253,pg_catalog,pg_amop,4,1744,768,940,0,0,0,0,436,0,12,948,23,1659,,,,
1430926056.3253,pg_catalog,pg_cast,3,594,4066,829,0,0,0,0,198,0,6,831,6,4135,,,,
1430926056.3253,public,order_line,4,1138512,527115,5750703,3114300,2505386,0,1635927,3057644,518823,53287,10803018,22967,12793417,,,,
1430926056.3253,pg_toast,pg_toast_2619,0,0,1633,4700,411,0,350,0,71,56,72,3507,4,2095,,,,
1430926056.3253,public,stock,4,400000,6152998,5681204,100000,2829672,0,0,99603,305195,26702,9517730,839,27052430,,,,
1430926056.3253,pg_toast,pg_toast_12629,0,0,0,0,0,0,0,0,0,0,0,0,0,0,,,,
1430926056.3253,public,warehouse,59957,45227,737303,737303,1,256422,0,251500,1,1195,163,6837294,2,742292,,,,
1430926056.3253,pg_toast,pg_toast_2604,0,0,0,0,0,0,0,0,0,0,0,0,0,0,,,,
1430926056.3253,information_schema,sql_features,1,672,,,0,0,0,0,672,0,14,0,,,0,0,0,0
1430926116.32355,pg_catalog,pg_auth_members,18,0,0,0,0,0,0,0,0,0,0,0,0,0,,,,
1430926116.32355,pg_catalog,pg_operator,3,2295,647,3057,0,0,0,0,765,0,42,2204,20,1432,,,,
1430926116.32355,pg_catalog,pg_aggregate,2,266,29,29,0,0,0,0,133,0,5,30,2,46,,,,
1430926116.32355,pg_catalog,pg_pltemplate,12,96,0,0,0,0,0,0,8,0,12,6,0,0,,,,
1430926116.32355,pg_catalog,pg_description,2,7372,252,0,0,0,0,0,3686,0,64,32,6,501,0,0,0,0
1430926116.32355,pg_catalog,pg_language,4,16,10,10,0,0,0,0,4,0,2,13,4,18,,,,
1430926116.32355,information_schema,sql_sizing_profiles,1,0,,,0,0,0,0,0,0,0,0,,,0,0,0,0
1430926116.32355,pg_catalog,pg_ts_parser,3,3,0,0,0,0,0,0,1,0,2,2,0,0,,,,
1430926116.32355,pg_catalog,pg_event_trigger,3,0,27,0,0,0,0,0,0,0,0,0,2,25,,,,
1430926116.32355,pg_catalog,pg_shseclabel,12,0,5,0,0,0,0,0,0,0,0,0,5,0,,,,
1430926116.32355,pg_catalog,pg_foreign_table,2,0,0,0,0,0,0,0,0,0,0,0,0,0,,,,
1430926116.32355,pg_toast,pg_toast_12659,0,0,0,0,0,0,0,0,0,0,0,0,0,0,,,,
1430926116.32355,public,new_order,4,36000,560820,488944,324844,0,201900,0,119746,15993,875,3204868,1186,5447830,,,,
1430926116.32355,pg_catalog,pg_attrdef,3,0,0,0,0,0,0,0,0,0,0,0,0,0,0,0,0,0
1430926116.32355,pg_catalog,pg_ts_template,3,15,0,0,0,0,0,0,5,0,2,2,0,0,,,,
1430926116.32355,pg_catalog,pg_foreign_server,3,0,0,0,0,0,0,0,0,0,0,0,0,0,,,,
1430926116.32355,pg_catalog,pg_default_acl,3,0,59,0,0,0,0,0,0,0,0,0,2,57,,,,
1430926116.32355,pg_toast,pg_toast_12634,0,0,0,0,0,0,0,0,0,0,0,0,0,0,,,,
1430926116.32355,pg_catalog,pg_attribute,191,8917,8121,31950,1401,20,1219,0,2491,0,193,15371,57,22152,,,,
1430926116.32355,pg_catalog,pg_statistic,2,798,7362,7141,92,1025,0,582,491,84,101,9632,13,15916,72,3971,4,2381
1430926116.32355,information_schema,sql_sizing,1,23,,,0,0,0,0,23,0,2,0,,,0,0,0,0
1430926116.32355,pg_toast,pg_toast_2618,0,0,97,305,0,0,0,0,0,0,51,82,4,117,,,,
1430926116.32355,pg_toast,pg_toast_3596,0,0,0,0,0,0,0,0,0,0,0,0,0,0,,,,
1430926116.32355,public,customer,6,180000,1420831,3501681,30000,580332,0,549550,29995,5196,7830,4511147,539,3226749,,,,
1430926116.32355,public,orders,6,180000,588842,1180445,345844,280410,0,234948,342624,41379,3522,1931669,4240,3862652,,,,
1430926116.32355,public,item,4,400000,3316068,3312928,100000,0,0,0,100000,0,3845,3319449,276,6647765,,,,
1430926116.32355,pg_catalog,pg_depend,3,20120,2731,2507,348,0,256,0,6672,256,103,3172,39,6884,,,,
1430926116.32355,information_schema,sql_languages,1,4,,,0,0,0,0,4,0,2,0,,,0,0,0,0
1430926116.32355,pg_catalog,pg_opclass,37,418,765,10106,0,0,0,0,128,0,9,3630,12,938,,,,
1430926116.32355,pg_catalog,pg_proc,3,8073,1115,1506,6,0,0,0,2691,0,168,1415,33,2385,0,0,0,0
1430926116.32355,public,history,1,30000,,,329922,0,0,0,329950,0,6335,319703,,,,,,
1430926116.32355,pg_catalog,pg_trigger,4,0,0,0,0,0,0,0,0,0,0,0,0,0,0,0,0,0
1430926116.32355,pg_catalog,pg_am,144,156,0,0,0,0,0,0,5,0,3,142,0,0,,,,
1430926116.32355,pg_catalog,pg_largeobject_metadata,2,0,0,0,0,0,0,0,0,0,0,0,0,0,,,,
1430926116.32355,pg_catalog,pg_ts_config_map,2,608,0,0,0,0,0,0,304,0,4,2,0,0,,,,
1430926116.32355,pg_catalog,pg_type,3,1093,2295,1936,173,0,151,0,361,0,34,2337,25,5254,,,,
1430926116.32355,pg_catalog,pg_shdepend,18,18,2038,510,0,0,0,0,1,0,12,522,48,2121,,,,
1430926116.32355,pg_catalog,pg_conversion,4,528,0,0,0,0,0,0,132,0,6,9,0,0,,,,
1430926116.32355,pg_catalog,pg_foreign_data_wrapper,3,0,0,0,0,0,0,0,0,0,0,0,0,0,,,,
1430926116.32355,pg_catalog,pg_opfamily,3,258,0,0,0,0,0,0,86,0,4,4,0,0,,,,
1430926116.32355,pg_catalog,pg_shdescription,12,36,5,0,0,0,0,0,3,0,12,6,10,0,0,0,0,0
1430926116.32355,pg_catalog,pg_tablespace,35,70,436,436,0,0,0,0,2,0,17,460,27,855,,,,
1430926116.32355,pg_catalog,pg_inherits,3,0,84,0,0,0,0,0,0,0,0,0,2,82,,,,
1430926116.32355,pg_toast,pg_toast_2606,0,0,0,0,0,0,0,0,0,0,0,0,0,0,,,,
1430926116.32355,pg_toast,pg_toast_2964,0,0,0,0,0,0,0,0,0,0,0,0,0,0,,,,
1430926116.32355,pg_catalog,pg_database,212,763,2801,2789,6,0,5,0,4,0,6,3023,60,4323,,,,
1430926116.32355,pg_toast,pg_toast_2620,0,0,0,0,0,0,0,0,0,0,0,0,0,0,,,,
1430926116.32355,pg_catalog,pg_amproc,37,1100,581,832,0,0,0,0,344,0,9,651,9,1283,,,,
1430926116.32355,pg_catalog,pg_collation,3,2766,0,0,0,0,0,0,922,0,56,56,0,0,,,,
1430926116.32355,pg_catalog,pg_constraint,5,50,8,0,8,0,0,0,10,0,6,33,8,64,0,0,0,0
1430926116.32355,pg_catalog,pg_range,2,12,2,0,0,0,0,0,6,0,2,1,2,2,,,,
1430926116.32355,pg_toast,pg_toast_12639,0,0,0,0,0,0,0,0,0,0,0,0,0,0,,,,
1430926116.32355,pg_toast,pg_toast_12654,0,0,0,0,0,0,0,0,0,0,0,0,0,0,,,,
1430926116.32355,pg_catalog,pg_user_mapping,3,0,0,0,0,0,0,0,0,0,0,0,0,0,,,,
1430926116.32355,pg_catalog,pg_largeobject,2,0,0,0,0,0,0,0,0,0,0,0,0,0,,,,
1430926116.32355,pg_catalog,pg_namespace,19,114,1185,1068,0,0,0,0,6,0,3,1085,12,1326,,,,
1430926116.32355,information_schema,sql_packages,1,10,,,0,0,0,0,10,0,2,0,,,0,0,0,0
1430926116.32355,pg_catalog,pg_authid,102,102,1366,1366,0,0,0,0,1,0,17,1457,56,2678,,,,
1430926116.32355,pg_catalog,pg_index,160,4922,3182,3734,27,0,17,0,123,17,13,3540,12,3466,,,,
1430926116.32355,pg_catalog,pg_ts_dict,3,48,0,0,0,0,0,0,16,0,2,2,0,0,,,,
1430926116.32355,pg_catalog,pg_class,288,23101,10539,9394,122,324,101,68,316,0,33,12452,34,16518,,,,
1430926116.32355,pg_toast,pg_toast_2396,0,0,0,0,0,0,0,0,0,0,0,0,0,0,,,,
1430926116.32355,pg_catalog,pg_enum,4,0,0,0,0,0,0,0,0,0,0,0,0,0,,,,
1430926116.32355,pg_catalog,pg_db_role_setting,17,0,3140,0,0,0,0,0,0,0,0,0,13,3127,0,0,0,0
1430926116.32355,pg_toast,pg_toast_12649,0,0,0,0,0,0,0,0,0,0,0,0,0,0,,,,
1430926116.32355,information_schema,sql_parts,1,9,,,0,0,0,0,9,0,2,0,,,0,0,0,0
1430926116.32355,pg_catalog,pg_seclabel,2,0,252,0,0,0,0,0,0,0,0,0,2,250,0,0,0,0
1430926116.32355,public,district,84340,747470,1211410,1211410,10,615766,0,613364,10,510,192,16797928,2,1213893,,,,
1430926116.32355,information_schema,sql_implementation_info,1,12,,,0,0,0,0,12,0,2,0,,,0,0,0,0
1430926116.32355,pg_toast,pg_toast_2609,0,0,0,0,0,0,0,0,0,0,0,0,0,0,,,,
1430926116.32355,pg_toast,pg_toast_1255,0,0,0,0,0,0,0,0,0,0,0,0,0,0,,,,
1430926116.32355,pg_toast,pg_toast_12644,0,0,0,0,0,0,0,0,0,0,0,0,0,0,,,,
1430926116.32355,pg_catalog,pg_rewrite,3,327,51,51,0,0,0,0,109,0,27,68,2,86,51,82,8,234
1430926116.32355,pg_catalog,pg_ts_config,3,48,0,0,0,0,0,0,16,0,2,2,0,0,,,,
1430926116.32355,pg_catalog,pg_extension,3,3,0,0,0,0,0,0,1,0,2,2,0,0,,,,
1430926116.32355,pg_catalog,pg_amop,4,1744,825,1006,0,0,0,0,436,0,12,1014,23,1783,,,,
1430926116.32355,pg_catalog,pg_cast,3,594,4249,877,0,0,0,0,198,0,6,879,6,4324,,,,
1430926116.32355,public,order_line,4,1138512,617000,6746830,3597537,2934940,0,1886490,3548854,109688,59102,12943305,26695,15090564,,,,
1430926116.32355,pg_toast,pg_toast_2619,0,0,1857,5362,468,0,406,0,72,112,72,3971,4,2381,,,,
1430926116.32355,public,stock,4,400000,7214264,6652396,100000,3312909,0,0,99450,307541,26759,11121357,839,31710391,,,,
1430926116.32355,pg_toast,pg_toast_12629,0,0,0,0,0,0,0,0,0,0,0,0,0,0,,,,
1430926116.32355,public,warehouse,59957,45227,870465,870465,1,299922,0,294157,1,1234,163,7844495,2,876308,,,,
1430926116.32355,pg_toast,pg_toast_2604,0,0,0,0,0,0,0,0,0,0,0,0,0,0,,,,
1430926116.32355,information_schema,sql_features,1,672,,,0,0,0,0,672,0,14,0,,,0,0,0,0
1430926176.32601,pg_catalog,pg_auth_members,18,0,0,0,0,0,0,0,0,0,0,0,0,0,,,,
1430926176.32601,pg_catalog,pg_operator,3,2295,670,3080,0,0,0,0,765,0,42,2227,20,1487,,,,
1430926176.32601,pg_catalog,pg_aggregate,2,266,30,30,0,0,0,0,133,0,5,31,2,48,,,,
1430926176.32601,pg_catalog,pg_pltemplate,12,96,0,0,0,0,0,0,8,0,12,6,0,0,,,,
1430926176.32601,pg_catalog,pg_description,2,7372,252,0,0,0,0,0,3686,0,64,32,6,501,0,0,0,0
1430926176.32601,pg_catalog,pg_language,4,16,10,10,0,0,0,0,4,0,2,13,4,18,,,,
1430926176.32601,information_schema,sql_sizing_profiles,1,0,,,0,0,0,0,0,0,0,0,,,0,0,0,0
1430926176.32601,pg_catalog,pg_ts_parser,3,3,0,0,0,0,0,0,1,0,2,2,0,0,,,,
1430926176.32601,pg_catalog,pg_event_trigger,3,0,27,0,0,0,0,0,0,0,0,0,2,25,,,,
1430926176.32601,pg_catalog,pg_shseclabel,12,0,5,0,0,0,0,0,0,0,0,0,5,0,,,,
1430926176.32601,pg_catalog,pg_foreign_table,2,0,0,0,0,0,0,0,0,0,0,0,0,0,,,,
1430926176.32601,pg_toast,pg_toast_12659,0,0,0,0,0,0,0,0,0,0,0,0,0,0,,,,
1430926176.32601,public,new_order,4,36000,641740,559731,370984,0,231320,0,136180,16867,954,3760703,1303,6297738,,,,
1430926176.32601,pg_catalog,pg_attrdef,3,0,0,0,0,0,0,0,0,0,0,0,0,0,0,0,0,0
1430926176.32601,pg_catalog,pg_ts_template,3,15,0,0,0,0,0,0,5,0,2,2,0,0,,,,
1430926176.32601,pg_catalog,pg_foreign_server,3,0,0,0,0,0,0,0,0,0,0,0,0,0,,,,
1430926176.32601,pg_catalog,pg_default_acl,3,0,59,0,0,0,0,0,0,0,0,0,2,57,,,,
1430926176.32601,pg_toast,pg_toast_12634,0,0,0,0,0,0,0,0,0,0,0,0,0,0,,,,
1430926176.32601,pg_catalog,pg_attribute,191,8917,8649,34305,1401,20,1219,0,2491,0,193,16078,57,23216,,,,
1430926176.32601,pg_catalog,pg_statistic,2,798,8165,7938,92,1103,0,650,491,112,101,10548,13,17548,72,4559,4,2670
1430926176.32601,information_schema,sql_sizing,1,23,,,0,0,0,0,23,0,2,0,,,0,0,0,0
1430926176.32601,pg_toast,pg_toast_2618,0,0,102,321,0,0,0,0,0,0,51,89,4,125,,,,
1430926176.32601,pg_toast,pg_toast_3596,0,0,0,0,0,0,0,0,0,0,0,0,0,0,,,,
1430926176.32601,public,customer,6,180000,1627208,4008193,30000,664394,0,629148,29989,6179,7830,5169153,544,3695836,,,,
1430926176.32601,public,orders,6,180000,673822,1448989,391984,320870,0,269309,388662,48760,3929,2307190,4778,4435301,,,,
1430926176.32601,public,item,4,400000,3801263,3797672,100000,0,0,0,100000,0,3845,3804193,276,7620438,,,,
1430926176.32601,pg_catalog,pg_depend,3,20120,2731,2507,348,0,256,0,6672,256,103,3172,39,6884,,,,
1430926176.32601,information_schema,sql_languages,1,4,,,0,0,0,0,4,0,2,0,,,0,0,0,0
1430926176.32601,pg_catalog,pg_opclass,37,418,797,10563,0,0,0,0,128,0,9,3786,12,980,,,,
1430926176.32601,pg_catalog,pg_proc,3,8073,1193,1619,6,0,0,0,2691,0,168,1508,33,2551,0,0,0,0
1430926176.32601,public,history,1,30000,,,373524,0,0,0,373302,0,7158,367967,,,,,,
1430926176.32601,pg_catalog,pg_trigger,4,0,0,0,0,0,0,0,0,0,0,0,0,0,0,0,0,0
1430926176.32601,pg_catalog,pg_am,150,162,0,0,0,0,0,0,5,0,3,148,0,0,,,,
1430926176.32601,pg_catalog,pg_largeobject_metadata,2,0,0,0,0,0,0,0,0,0,0,0,0,0,,,,
1430926176.32601,pg_catalog,pg_ts_config_map,2,608,0,0,0,0,0,0,304,0,4,2,0,0,,,,
1430926176.32601,pg_catalog,pg_type,3,1093,2394,2035,173,0,151,0,361,0,34,2436,25,5458,,,,
1430926176.32601,pg_catalog,pg_shdepend,18,18,2038,510,0,0,0,0,1,0,12,522,48,2121,,,,
1430926176.32601,pg_catalog,pg_conversion,4,528,0,0,0,0,0,0,132,0,6,9,0,0,,,,
1430926176.32601,pg_catalog,pg_foreign_data_wrapper,3,0,0,0,0,0,0,0,0,0,0,0,0,0,,,,
1430926176.32601,pg_catalog,pg_opfamily,3,258,0,0,0,0,0,0,86,0,4,4,0,0,,,,
1430926176.32601,pg_catalog,pg_shdescription,12,36,5,0,0,0,0,0,3,0,12,6,10,0,0,0,0,0
1430926176.32601,pg_catalog,pg_tablespace,35,70,441,441,0,0,0,0,2,0,17,465,27,865,,,,
1430926176.32601,pg_catalog,pg_inherits,3,0,84,0,0,0,0,0,0,0,0,0,2,82,,,,
1430926176.32601,pg_toast,pg_toast_2606,0,0,0,0,0,0,0,0,0,0,0,0,0,0,,,,
1430926176.32601,pg_toast,pg_toast_2964,0,0,0,0,0,0,0,0,0,0,0,0,0,0,,,,
1430926176.32601,pg_catalog,pg_database,215,775,2839,2827,6,0,5,0,4,0,6,3064,60,4375,,,,
1430926176.32601,pg_toast,pg_toast_2620,0,0,0,0,0,0,0,0,0,0,0,0,0,0,,,,
1430926176.32601,pg_catalog,pg_amproc,37,1100,609,868,0,0,0,0,344,0,9,676,9,1345,,,,
1430926176.32601,pg_catalog,pg_collation,3,2766,0,0,0,0,0,0,922,0,56,56,0,0,,,,
1430926176.32601,pg_catalog,pg_constraint,5,50,8,0,8,0,0,0,10,0,6,33,8,64,0,0,0,0
1430926176.32601,pg_catalog,pg_range,2,12,2,0,0,0,0,0,6,0,2,1,2,2,,,,
1430926176.32601,pg_toast,pg_toast_12639,0,0,0,0,0,0,0,0,0,0,0,0,0,0,,,,
1430926176.32601,pg_toast,pg_toast_12654,0,0,0,0,0,0,0,0,0,0,0,0,0,0,,,,
1430926176.32601,pg_catalog,pg_user_mapping,3,0,0,0,0,0,0,0,0,0,0,0,0,0,,,,
1430926176.32601,pg_catalog,pg_largeobject,2,0,0,0,0,0,0,0,0,0,0,0,0,0,,,,
1430926176.32601,pg_catalog,pg_namespace,21,126,1325,1203,0,0,0,0,6,0,3,1222,12,1474,,,,
1430926176.32601,information_schema,sql_packages,1,10,,,0,0,0,0,10,0,2,0,,,0,0,0,0
1430926176.32601,pg_catalog,pg_authid,103,103,1377,1377,0,0,0,0,1,0,17,1469,56,2700,,,,
1430926176.32601,pg_catalog,pg_index,165,5537,3372,3969,27,0,17,0,123,17,13,3744,12,3668,,,,
1430926176.32601,pg_catalog,pg_ts_dict,3,48,0,0,0,0,0,0,16,0,2,2,0,0,,,,
1430926176.32601,pg_catalog,pg_class,298,25962,11379,10111,122,324,101,68,316,0,33,13273,34,17511,,,,
1430926176.32601,pg_toast,pg_toast_2396,0,0,0,0,0,0,0,0,0,0,0,0,0,0,,,,
1430926176.32601,pg_catalog,pg_enum,4,0,0,0,0,0,0,0,0,0,0,0,0,0,,,,
1430926176.32601,pg_catalog,pg_db_role_setting,17,0,3168,0,0,0,0,0,0,0,0,0,13,3155,0,0,0,0
1430926176.32601,pg_toast,pg_toast_12649,0,0,0,0,0,0,0,0,0,0,0,0,0,0,,,,
1430926176.32601,information_schema,sql_parts,1,9,,,0,0,0,0,9,0,2,0,,,0,0,0,0
1430926176.32601,pg_catalog,pg_seclabel,2,0,252,0,0,0,0,0,0,0,0,0,2,250,0,0,0,0
1430926176.32601,public,district,84340,747470,1398412,1398412,10,705508,0,702697,10,449,192,20067142,2,1401305,,,,
1430926176.32601,information_schema,sql_implementation_info,1,12,,,0,0,0,0,12,0,2,0,,,0,0,0,0
1430926176.32601,pg_toast,pg_toast_2609,0,0,0,0,0,0,0,0,0,0,0,0,0,0,,,,
1430926176.32601,pg_toast,pg_toast_1255,0,0,0,0,0,0,0,0,0,0,0,0,0,0,,,,
1430926176.32601,pg_toast,pg_toast_12644,0,0,0,0,0,0,0,0,0,0,0,0,0,0,,,,
1430926176.32601,pg_catalog,pg_rewrite,3,327,58,58,0,0,0,0,109,0,27,75,2,98,51,89,8,250
1430926176.32601,pg_catalog,pg_ts_config,3,48,0,0,0,0,0,0,16,0,2,2,0,0,,,,
1430926176.32601,pg_catalog,pg_extension,3,3,0,0,0,0,0,0,1,0,2,2,0,0,,,,
1430926176.32601,pg_catalog,pg_amop,4,1744,882,1072,0,0,0,0,436,0,12,1080,23,1907,,,,
1430926176.32601,pg_catalog,pg_cast,3,594,4432,925,0,0,0,0,198,0,6,927,6,4513,,,,
1430926176.32601,public,order_line,4,1138512,706021,7719548,4082279,3359545,0,2176411,3921973,309938,63042,14712041,30281,17231347,,,,
1430926176.32601,pg_toast,pg_toast_2619,0,0,2081,6026,525,0,463,0,72,59,72,4559,4,2670,,,,
1430926176.32601,public,stock,4,400000,8265039,7625485,100000,3797651,0,0,99735,323518,26760,12777312,839,36341097,,,,
1430926176.32601,pg_toast,pg_toast_12629,0,0,0,0,0,0,0,0,0,0,0,0,0,0,,,,
1430926176.32601,public,warehouse,59957,45227,1003809,1003809,1,343524,0,336933,1,1285,163,8894977,2,1010489,,,,
1430926176.32601,pg_toast,pg_toast_2604,0,0,0,0,0,0,0,0,0,0,0,0,0,0,,,,
1430926176.32601,information_schema,sql_features,1,672,,,0,0,0,0,672,0,14,0,,,0,0,0,0
1430926236.32765,pg_catalog,pg_auth_members,18,0,0,0,0,0,0,0,0,0,0,0,0,0,,,,
1430926236.32765,pg_catalog,pg_operator,3,2295,693,3103,0,0,0,0,765,0,42,2250,20,1542,,,,
1430926236.32765,pg_catalog,pg_aggregate,2,266,31,31,0,0,0,0,133,0,5,32,2,50,,,,
1430926236.32765,pg_catalog,pg_pltemplate,12,96,0,0,0,0,0,0,8,0,12,6,0,0,,,,
1430926236.32765,pg_catalog,pg_description,2,7372,252,0,0,0,0,0,3686,0,64,32,6,501,0,0,0,0
1430926236.32765,pg_catalog,pg_language,4,16,10,10,0,0,0,0,4,0,2,13,4,18,,,,
1430926236.32765,information_schema,sql_sizing_profiles,1,0,,,0,0,0,0,0,0,0,0,,,0,0,0,0
1430926236.32765,pg_catalog,pg_ts_parser,3,3,0,0,0,0,0,0,1,0,2,2,0,0,,,,
1430926236.32765,pg_catalog,pg_event_trigger,3,0,27,0,0,0,0,0,0,0,0,0,2,25,,,,
1430926236.32765,pg_catalog,pg_shseclabel,12,0,5,0,0,0,0,0,0,0,0,0,5,0,,,,
1430926236.32765,pg_catalog,pg_foreign_table,2,0,0,0,0,0,0,0,0,0,0,0,0,0,,,,
1430926236.32765,pg_toast,pg_toast_12659,0,0,0,0,0,0,0,0,0,0,0,0,0,0,,,,
1430926236.32765,public,new_order,4,36000,720900,628510,416094,0,259550,0,152445,16176,1040,4211300,1414,7134999,,,,
1430926236.32765,pg_catalog,pg_attrdef,3,0,0,0,0,0,0,0,0,0,0,0,0,0,0,0,0,0
1430926236.32765,pg_catalog,pg_ts_template,3,15,0,0,0,0,0,0,5,0,2,2,0,0,,,,
1430926236.32765,pg_catalog,pg_foreign_server,3,0,0,0,0,0,0,0,0,0,0,0,0,0,,,,
1430926236.32765,pg_catalog,pg_default_acl,3,0,59,0,0,0,0,0,0,0,0,0,2,57,,,,
1430926236.32765,pg_toast,pg_toast_12634,0,0,0,0,0,0,0,0,0,0,0,0,0,0,,,,
1430926236.32765,pg_catalog,pg_attribute,191,8917,9160,36617,1401,20,1219,0,2491,0,193,16766,57,24246,,,,
1430926236.32765,pg_catalog,pg_statistic,2,798,8968,8735,92,1181,0,721,491,144,101,11467,13,19174,72,5020,4,2955
1430926236.32765,information_schema,sql_sizing,1,23,,,0,0,0,0,23,0,2,0,,,0,0,0,0
1430926236.32765,pg_toast,pg_toast_2618,0,0,107,337,0,0,0,0,0,0,51,96,4,133,,,,
1430926236.32765,pg_toast,pg_toast_3596,0,0,0,0,0,0,0,0,0,0,0,0,0,0,,,,
1430926236.32765,public,customer,6,180000,1830008,4504043,30000,747000,0,708448,29995,4996,7830,5806964,545,4151481,,,,
1430926236.32765,public,orders,6,180000,756945,1737434,437094,360450,0,303684,433135,54775,4321,2698297,5342,4991358,,,,
1430926236.32765,public,item,4,400000,4275052,4270991,100000,0,0,0,100000,0,3845,4277512,276,8570260,,,,
1430926236.32765,pg_catalog,pg_depend,3,20120,2731,2507,348,0,256,0,6672,256,103,3172,39,6884,,,,
1430926236.32765,information_schema,sql_languages,1,4,,,0,0,0,0,4,0,2,0,,,0,0,0,0
1430926236.32765,pg_catalog,pg_opclass,37,418,829,11020,0,0,0,0,128,0,9,3942,12,1022,,,,
1430926236.32765,pg_catalog,pg_proc,3,8073,1271,1732,6,0,0,0,2691,0,168,1601,33,2717,0,0,0,0
1430926236.32765,public,history,1,30000,,,416550,0,0,0,416687,0,7971,416136,,,,,,
1430926236.32765,pg_catalog,pg_trigger,4,0,0,0,0,0,0,0,0,0,0,0,0,0,0,0,0,0
1430926236.32765,pg_catalog,pg_am,156,168,0,0,0,0,0,0,5,0,3,154,0,0,,,,
1430926236.32765,pg_catalog,pg_largeobject_metadata,2,0,0,0,0,0,0,0,0,0,0,0,0,0,,,,
1430926236.32765,pg_catalog,pg_ts_config_map,2,608,0,0,0,0,0,0,304,0,4,2,0,0,,,,
1430926236.32765,pg_catalog,pg_type,3,1093,2493,2134,173,0,151,0,361,0,34,2535,25,5662,,,,
1430926236.32765,pg_catalog,pg_shdepend,18,18,2038,510,0,0,0,0,1,0,12,522,48,2121,,,,
1430926236.32765,pg_catalog,pg_conversion,4,528,0,0,0,0,0,0,132,0,6,9,0,0,,,,
1430926236.32765,pg_catalog,pg_foreign_data_wrapper,3,0,0,0,0,0,0,0,0,0,0,0,0,0,,,,
1430926236.32765,pg_catalog,pg_opfamily,3,258,0,0,0,0,0,0,86,0,4,4,0,0,,,,
1430926236.32765,pg_catalog,pg_shdescription,12,36,5,0,0,0,0,0,3,0,12,6,10,0,0,0,0,0
1430926236.32765,pg_catalog,pg_tablespace,35,70,446,446,0,0,0,0,2,0,17,470,27,875,,,,
1430926236.32765,pg_catalog,pg_inherits,3,0,84,0,0,0,0,0,0,0,0,0,2,82,,,,
1430926236.32765,pg_toast,pg_toast_2606,0,0,0,0,0,0,0,0,0,0,0,0,0,0,,,,
1430926236.32765,pg_toast,pg_toast_2964,0,0,0,0,0,0,0,0,0,0,0,0,0,0,,,,
1430926236.32765,pg_catalog,pg_database,218,787,2877,2865,6,0,5,0,4,0,6,3105,60,4427,,,,
1430926236.32765,pg_toast,pg_toast_2620,0,0,0,0,0,0,0,0,0,0,0,0,0,0,,,,
1430926236.32765,pg_catalog,pg_amproc,37,1100,637,904,0,0,0,0,344,0,9,701,9,1407,,,,
1430926236.32765,pg_catalog,pg_collation,3,2766,0,0,0,0,0,0,922,0,56,56,0,0,,,,
1430926236.32765,pg_catalog,pg_constraint,5,50,8,0,8,0,0,0,10,0,6,33,8,64,0,0,0,0
1430926236.32765,pg_catalog,pg_range,2,12,2,0,0,0,0,0,6,0,2,1,2,2,,,,
1430926236.32765,pg_toast,pg_toast_12639,0,0,0,0,0,0,0,0,0,0,0,0,0,0,,,,
1430926236.32765,pg_toast,pg_toast_12654,0,0,0,0,0,0,0,0,0,0,0,0,0,0,,,,
1430926236.32765,pg_catalog,pg_user_mapping,3,0,0,0,0,0,0,0,0,0,0,0,0,0,,,,
1430926236.32765,pg_catalog,pg_largeobject,2,0,0,0,0,0,0,0,0,0,0,0,0,0,,,,
1430926236.32765,pg_catalog,pg_namespace,23,138,1464,1337,0,0,0,0,6,0,3,1358,12,1621,,,,
1430926236.32765,information_schema,sql_packages,1,10,,,0,0,0,0,10,0,2,0,,,0,0,0,0
1430926236.32765,pg_catalog,pg_authid,104,104,1388,1388,0,0,0,0,1,0,17,1481,56,2722,,,,
1430926236.32765,pg_catalog,pg_index,170,6152,3558,4200,27,0,17,0,123,17,13,3944,12,3866,,,,
1430926236.32765,pg_catalog,pg_ts_dict,3,48,0,0,0,0,0,0,16,0,2,2,0,0,,,,
1430926236.32765,pg_catalog,pg_class,308,28823,12196,10805,122,324,101,68,316,0,33,14068,34,18479,,,,
1430926236.32765,pg_toast,pg_toast_2396,0,0,0,0,0,0,0,0,0,0,0,0,0,0,,,,
1430926236.32765,pg_catalog,pg_enum,4,0,0,0,0,0,0,0,0,0,0,0,0,0,,,,
1430926236.32765,pg_catalog,pg_db_role_setting,17,0,3196,0,0,0,0,0,0,0,0,0,13,3183,0,0,0,0
1430926236.32765,pg_toast,pg_toast_12649,0,0,0,0,0,0,0,0,0,0,0,0,0,0,,,,
1430926236.32765,information_schema,sql_parts,1,9,,,0,0,0,0,9,0,2,0,,,0,0,0,0
1430926236.32765,pg_catalog,pg_seclabel,2,0,252,0,0,0,0,0,0,0,0,0,2,250,0,0,0,0
1430926236.32765,public,district,84340,747470,1582608,1582608,10,793644,0,790423,10,443,197,22877115,2,1585912,,,,
1430926236.32765,information_schema,sql_implementation_info,1,12,,,0,0,0,0,12,0,2,0,,,0,0,0,0
1430926236.32765,pg_toast,pg_toast_2609,0,0,0,0,0,0,0,0,0,0,0,0,0,0,,,,
1430926236.32765,pg_toast,pg_toast_1255,0,0,0,0,0,0,0,0,0,0,0,0,0,0,,,,
1430926236.32765,pg_toast,pg_toast_12644,0,0,0,0,0,0,0,0,0,0,0,0,0,0,,,,
1430926236.32765,pg_catalog,pg_rewrite,3,327,65,65,0,0,0,0,109,0,27,82,2,110,51,96,8,266
1430926236.32765,pg_catalog,pg_ts_config,3,48,0,0,0,0,0,0,16,0,2,2,0,0,,,,
1430926236.32765,pg_catalog,pg_extension,3,3,0,0,0,0,0,0,1,0,2,2,0,0,,,,
1430926236.32765,pg_catalog,pg_amop,4,1744,939,1138,0,0,0,0,436,0,12,1146,23,2031,,,,
1430926236.32765,pg_catalog,pg_cast,3,594,4615,973,0,0,0,0,198,0,6,975,6,4702,,,,
1430926236.32765,public,order_line,4,1138512,793275,8675181,4555596,3776364,0,2463170,4485443,507397,69921,16421822,33798,19318383,,,,
1430926236.32765,pg_toast,pg_toast_2619,0,0,2305,6680,581,0,520,0,71,116,72,5020,4,2955,,,,
1430926236.32765,public,stock,4,400000,9292687,8576054,100000,4270968,0,0,99397,317440,26761,14337154,840,40867361,,,,
1430926236.32765,pg_toast,pg_toast_12629,0,0,0,0,0,0,0,0,0,0,0,0,0,0,,,,
1430926236.32765,public,warehouse,59957,45227,1134971,1134971,1,386550,0,379118,1,1224,163,9861100,2,1142493,,,,
1430926236.32765,pg_toast,pg_toast_2604,0,0,0,0,0,0,0,0,0,0,0,0,0,0,,,,
1430926236.32765,information_schema,sql_features,1,672,,,0,0,0,0,672,0,14,0,,,0,0,0,0
1430926296.33027,pg_catalog,pg_auth_members,18,0,0,0,0,0,0,0,0,0,0,0,0,0,,,,
1430926296.33027,pg_catalog,pg_operator,3,2295,716,3126,0,0,0,0,765,0,42,2273,20,1597,,,,
1430926296.33027,pg_catalog,pg_aggregate,2,266,32,32,0,0,0,0,133,0,5,33,2,52,,,,
1430926296.33027,pg_catalog,pg_pltemplate,12,96,0,0,0,0,0,0,8,0,12,6,0,0,,,,
1430926296.33027,pg_catalog,pg_description,2,7372,252,0,0,0,0,0,3686,0,64,32,6,501,0,0,0,0
1430926296.33027,pg_catalog,pg_language,4,16,10,10,0,0,0,0,4,0,2,13,4,18,,,,
1430926296.33027,information_schema,sql_sizing_profiles,1,0,,,0,0,0,0,0,0,0,0,,,0,0,0,0
1430926296.33027,pg_catalog,pg_ts_parser,3,3,0,0,0,0,0,0,1,0,2,2,0,0,,,,
1430926296.33027,pg_catalog,pg_event_trigger,3,0,27,0,0,0,0,0,0,0,0,0,2,25,,,,
1430926296.33027,pg_catalog,pg_shseclabel,12,0,5,0,0,0,0,0,0,0,0,0,5,0,,,,
1430926296.33027,pg_catalog,pg_foreign_table,2,0,0,0,0,0,0,0,0,0,0,0,0,0,,,,
1430926296.33027,pg_toast,pg_toast_12659,0,0,0,0,0,0,0,0,0,0,0,0,0,0,,,,
1430926296.33027,public,new_order,4,36000,797120,694166,458886,0,286100,0,168448,43181,1260,4739517,1685,8318723,,,,
1430926296.33027,pg_catalog,pg_attrdef,3,0,0,0,0,0,0,0,0,0,0,0,0,0,0,0,0,0
1430926296.33027,pg_catalog,pg_ts_template,3,15,0,0,0,0,0,0,5,0,2,2,0,0,,,,
1430926296.33027,pg_catalog,pg_foreign_server,3,0,0,0,0,0,0,0,0,0,0,0,0,0,,,,
1430926296.33027,pg_catalog,pg_default_acl,3,0,59,0,0,0,0,0,0,0,0,0,2,57,,,,
1430926296.33027,pg_toast,pg_toast_12634,0,0,0,0,0,0,0,0,0,0,0,0,0,0,,,,
1430926296.33027,pg_catalog,pg_attribute,191,8917,9670,38867,1401,20,1219,0,2491,0,193,17444,57,25274,,,,
1430926296.33027,pg_catalog,pg_statistic,2,798,9763,9524,92,1251,0,785,491,121,101,12352,13,20782,79,5575,4,3238
1430926296.33027,information_schema,sql_sizing,1,23,,,0,0,0,0,23,0,2,0,,,0,0,0,0
1430926296.33027,pg_toast,pg_toast_2618,0,0,112,353,0,0,0,0,0,0,51,103,4,141,,,,
1430926296.33027,pg_toast,pg_toast_3596,0,0,0,0,0,0,0,0,0,0,0,0,0,0,,,,
1430926296.33027,public,customer,6,180000,2023056,4973974,30000,825874,0,782538,29986,6251,7830,6424306,548,4593435,,,,
1430926296.33027,public,orders,6,180000,836932,2035584,479886,398560,0,335822,475255,61492,4708,3098505,5869,5528781,,,,
1430926296.33027,public,item,4,400000,4723360,4718908,100000,0,0,0,100000,0,3845,4725429,276,9469029,,,,
1430926296.33027,pg_catalog,pg_depend,3,20120,2731,2507,348,0,256,0,6672,256,103,3172,39,6884,,,,
1430926296.33027,information_schema,sql_languages,1,4,,,0,0,0,0,4,0,2,0,,,0,0,0,0
1430926296.33027,pg_catalog,pg_opclass,37,418,861,11477,0,0,0,0,128,0,9,4098,12,1064,,,,
1430926296.33027,pg_catalog,pg_proc,3,8073,1349,1845,6,0,0,0,2691,0,168,1694,33,2883,0,0,0,0
1430926296.33027,public,history,1,30000,,,457314,0,0,0,457451,0,8432,457822,,,,,,
1430926296.33027,pg_catalog,pg_trigger,4,0,0,0,0,0,0,0,0,0,0,0,0,0,0,0,0,0
1430926296.33027,pg_catalog,pg_am,162,174,0,0,0,0,0,0,5,0,3,160,0,0,,,,
1430926296.33027,pg_catalog,pg_largeobject_metadata,2,0,0,0,0,0,0,0,0,0,0,0,0,0,,,,
1430926296.33027,pg_catalog,pg_ts_config_map,2,608,0,0,0,0,0,0,304,0,4,2,0,0,,,,
1430926296.33027,pg_catalog,pg_type,3,1093,2592,2233,173,0,151,0,361,0,34,2634,25,5866,,,,
1430926296.33027,pg_catalog,pg_shdepend,18,18,2038,510,0,0,0,0,1,0,12,522,48,2121,,,,
1430926296.33027,pg_catalog,pg_conversion,4,528,0,0,0,0,0,0,132,0,6,9,0,0,,,,
1430926296.33027,pg_catalog,pg_foreign_data_wrapper,3,0,0,0,0,0,0,0,0,0,0,0,0,0,,,,
1430926296.33027,pg_catalog,pg_opfamily,3,258,0,0,0,0,0,0,86,0,4,4,0,0,,,,
1430926296.33027,pg_catalog,pg_shdescription,12,36,5,0,0,0,0,0,3,0,12,6,10,0,0,0,0,0
1430926296.33027,pg_catalog,pg_tablespace,35,70,451,451,0,0,0,0,2,0,17,475,27,885,,,,
1430926296.33027,pg_catalog,pg_inherits,3,0,84,0,0,0,0,0,0,0,0,0,2,82,,,,
1430926296.33027,pg_toast,pg_toast_2606,0,0,0,0,0,0,0,0,0,0,0,0,0,0,,,,
1430926296.33027,pg_toast,pg_toast_2964,0,0,0,0,0,0,0,0,0,0,0,0,0,0,,,,
1430926296.33027,pg_catalog,pg_database,221,799,2914,2902,6,0,5,0,4,0,6,3145,60,4478,,,,
1430926296.33027,pg_toast,pg_toast_2620,0,0,0,0,0,0,0,0,0,0,0,0,0,0,,,,
1430926296.33027,pg_catalog,pg_amproc,37,1100,665,940,0,0,0,0,344,0,9,726,9,1469,,,,
1430926296.33027,pg_catalog,pg_collation,3,2766,0,0,0,0,0,0,922,0,56,56,0,0,,,,
1430926296.33027,pg_catalog,pg_constraint,5,50,8,0,8,0,0,0,10,0,6,33,8,64,0,0,0,0
1430926296.33027,pg_catalog,pg_range,2,12,2,0,0,0,0,0,6,0,2,1,2,2,,,,
1430926296.33027,pg_toast,pg_toast_12639,0,0,0,0,0,0,0,0,0,0,0,0,0,0,,,,
1430926296.33027,pg_toast,pg_toast_12654,0,0,0,0,0,0,0,0,0,0,0,0,0,0,,,,
1430926296.33027,pg_catalog,pg_user_mapping,3,0,0,0,0,0,0,0,0,0,0,0,0,0,,,,
1430926296.33027,pg_catalog,pg_largeobject,2,0,0,0,0,0,0,0,0,0,0,0,0,0,,,,
1430926296.33027,pg_catalog,pg_namespace,25,150,1604,1472,0,0,0,0,6,0,3,1495,12,1769,,,,
1430926296.33027,information_schema,sql_packages,1,10,,,0,0,0,0,10,0,2,0,,,0,0,0,0
1430926296.33027,pg_catalog,pg_authid,105,105,1399,1399,0,0,0,0,1,0,17,1493,56,2744,,,,
1430926296.33027,pg_catalog,pg_index,175,6767,3737,4425,27,0,17,0,123,17,13,4138,12,4057,,,,
1430926296.33027,pg_catalog,pg_ts_dict,3,48,0,0,0,0,0,0,16,0,2,2,0,0,,,,
1430926296.33027,pg_catalog,pg_class,318,31684,12984,11470,122,324,101,68,316,0,33,14836,34,19400,,,,
1430926296.33027,pg_toast,pg_toast_2396,0,0,0,0,0,0,0,0,0,0,0,0,0,0,,,,
1430926296.33027,pg_catalog,pg_enum,4,0,0,0,0,0,0,0,0,0,0,0,0,0,,,,
1430926296.33027,pg_catalog,pg_db_role_setting,17,0,3224,0,0,0,0,0,0,0,0,0,13,3211,0,0,0,0
1430926296.33027,pg_toast,pg_toast_12649,0,0,0,0,0,0,0,0,0,0,0,0,0,0,,,,
1430926296.33027,information_schema,sql_parts,1,9,,,0,0,0,0,9,0,2,0,,,0,0,0,0
1430926296.33027,pg_catalog,pg_seclabel,2,0,252,0,0,0,0,0,0,0,0,0,2,250,0,0,0,0
1430926296.33027,public,district,84340,747470,1756817,1756817,10,877200,0,873559,10,526,197,26023705,2,1760552,,,,
1430926296.33027,information_schema,sql_implementation_info,1,12,,,0,0,0,0,12,0,2,0,,,0,0,0,0
1430926296.33027,pg_toast,pg_toast_2609,0,0,0,0,0,0,0,0,0,0,0,0,0,0,,,,
1430926296.33027,pg_toast,pg_toast_1255,0,0,0,0,0,0,0,0,0,0,0,0,0,0,,,,
1430926296.33027,pg_toast,pg_toast_12644,0,0,0,0,0,0,0,0,0,0,0,0,0,0,,,,
1430926296.33027,pg_catalog,pg_rewrite,3,327,72,72,0,0,0,0,109,0,27,89,2,122,51,103,8,282
1430926296.33027,pg_catalog,pg_ts_config,3,48,0,0,0,0,0,0,16,0,2,2,0,0,,,,
1430926296.33027,pg_catalog,pg_extension,3,3,0,0,0,0,0,0,1,0,2,2,0,0,,,,
1430926296.33027,pg_catalog,pg_amop,4,1744,996,1204,0,0,0,0,436,0,12,1212,23,2155,,,,
1430926296.33027,pg_catalog,pg_cast,3,594,4798,1021,0,0,0,0,198,0,6,1023,6,4891,,,,
1430926296.33027,public,order_line,4,1138512,876939,9590361,5003511,4176106,0,2732283,4955555,717164,76485,18101451,37158,21319491,,,,
1430926296.33027,pg_toast,pg_toast_2619,0,0,2526,7318,634,0,574,0,69,56,79,5575,4,3238,,,,
1430926296.33027,public,stock,4,400000,10264844,9475442,100000,4718883,0,0,99638,297885,26791,15925837,845,45149967,,,,
1430926296.33027,pg_toast,pg_toast_12629,0,0,0,0,0,0,0,0,0,0,0,0,0,0,,,,
1430926296.33027,public,warehouse,59957,45227,1259291,1259291,1,427314,0,419098,1,1069,163,10892071,2,1267608,,,,
1430926296.33027,pg_toast,pg_toast_2604,0,0,0,0,0,0,0,0,0,0,0,0,0,0,,,,
1430926296.33027,information_schema,sql_features,1,672,,,0,0,0,0,672,0,14,0,,,0,0,0,0
1430926356.33612,pg_catalog,pg_auth_members,21,0,0,0,0,0,0,0,0,0,0,0,0,0,,,,
1430926356.33612,pg_catalog,pg_operator,3,2295,29,29,0,0,0,0,765,0,28,57,11,51,,,,
1430926356.33612,pg_catalog,pg_aggregate,2,266,0,0,0,0,0,0,133,0,4,2,0,0,,,,
1430926356.33612,pg_catalog,pg_pltemplate,14,112,0,0,0,0,0,0,8,0,14,7,0,0,,,,
1430926356.33612,public,stock,4,800000,0,0,200000,0,0,0,200000,0,45908,23658,0,0,,,,
1430926356.33612,pg_catalog,pg_description,2,7372,252,0,0,0,0,0,3686,0,64,32,6,501,0,0,0,0
1430926356.33612,pg_catalog,pg_language,4,16,10,10,0,0,0,0,4,0,2,13,4,18,,,,
1430926356.33612,information_schema,sql_sizing_profiles,1,0,,,0,0,0,0,0,0,0,0,,,0,0,0,0
1430926356.33612,pg_catalog,pg_ts_parser,3,3,0,0,0,0,0,0,1,0,2,2,0,0,,,,
1430926356.33612,public,new_order,4,72000,0,0,18000,0,0,0,18000,0,198,584,0,0,,,,
1430926356.33612,pg_catalog,pg_event_trigger,3,0,27,0,0,0,0,0,0,0,0,0,2,25,,,,
1430926356.33612,pg_catalog,pg_shseclabel,14,0,6,0,0,0,0,0,0,0,0,0,6,0,,,,
1430926356.33612,public,item,4,400000,0,0,100000,0,0,0,100000,0,2564,7802,0,0,,,,
1430926356.33612,pg_catalog,pg_foreign_table,2,0,0,0,0,0,0,0,0,0,0,0,0,0,,,,
1430926356.33612,pg_toast,pg_toast_12659,0,0,0,0,0,0,0,0,0,0,0,0,0,0,,,,
1430926356.33612,pg_catalog,pg_attrdef,3,0,0,0,0,0,0,0,0,0,0,0,0,0,0,0,0,0
1430926356.33612,pg_catalog,pg_ts_template,3,15,0,0,0,0,0,0,5,0,2,2,0,0,,,,
1430926356.33612,pg_catalog,pg_foreign_server,3,0,0,0,0,0,0,0,0,0,0,0,0,0,,,,
1430926356.33612,pg_catalog,pg_default_acl,3,0,59,0,0,0,0,0,0,0,0,0,2,57,,,,
1430926356.33612,pg_toast,pg_toast_12634,0,0,0,0,0,0,0,0,0,0,0,0,0,0,,,,
1430926356.33612,public,warehouse,4,8,0,0,2,0,0,0,2,0,2,4,0,0,,,,
1430926356.33612,pg_catalog,pg_attribute,81,8133,2167,8982,1401,20,1219,1,2491,1218,136,6331,33,10079,,,,
1430926356.33612,pg_catalog,pg_statistic,2,798,576,400,92,399,0,175,92,314,49,1385,8,1786,18,138,2,120
1430926356.33612,information_schema,sql_sizing,1,23,,,0,0,0,0,23,0,2,0,,,0,0,0,0
1430926356.33612,pg_toast,pg_toast_2618,0,0,60,187,0,0,0,0,0,0,43,39,2,59,,,,
1430926356.33612,pg_toast,pg_toast_3596,0,0,0,0,0,0,0,0,0,0,0,0,0,0,,,,
1430926356.33612,pg_catalog,pg_depend,3,20120,2731,2507,348,0,256,0,6672,256,103,3172,39,6884,,,,
1430926356.33612,information_schema,sql_languages,1,4,,,0,0,0,0,4,0,2,0,,,0,0,0,0
1430926356.33612,pg_catalog,pg_opclass,17,398,229,3682,0,0,0,0,128,0,7,1244,10,274,,,,
1430926356.33612,pg_catalog,pg_proc,3,8073,22,10,6,0,0,0,2691,0,140,175,14,67,0,0,0,0
1430926356.33612,public,district,4,80,0,0,20,0,0,0,20,0,2,4,0,0,,,,
1430926356.33612,pg_catalog,pg_trigger,4,0,0,0,0,0,0,0,0,0,0,0,0,0,0,0,0,0
1430926356.33612,pg_catalog,pg_am,57,69,0,0,0,0,0,0,5,0,3,55,0,0,,,,
1430926356.33612,pg_catalog,pg_largeobject_metadata,2,0,0,0,0,0,0,0,0,0,0,0,0,0,,,,
1430926356.33612,pg_catalog,pg_ts_config_map,2,608,0,0,0,0,0,0,304,0,4,2,0,0,,,,
1430926356.33612,pg_catalog,pg_type,3,1093,703,344,173,0,151,0,361,151,23,734,17,1983,,,,
1430926356.33612,pg_catalog,pg_shdepend,21,21,2378,595,0,0,0,0,1,0,14,609,56,2475,,,,
1430926356.33612,pg_catalog,pg_conversion,4,528,0,0,0,0,0,0,132,0,6,9,0,0,,,,
1430926356.33612,pg_catalog,pg_foreign_data_wrapper,3,0,0,0,0,0,0,0,0,0,0,0,0,0,,,,
1430926356.33612,pg_catalog,pg_opfamily,3,258,0,0,0,0,0,0,86,0,4,4,0,0,,,,
1430926356.33612,pg_catalog,pg_shdescription,14,42,6,0,0,0,0,0,3,0,14,7,12,0,0,0,0,0
1430926356.33612,pg_catalog,pg_tablespace,41,82,457,457,0,0,0,0,2,0,19,486,29,895,,,,
1430926356.33612,pg_catalog,pg_inherits,3,0,84,0,0,0,0,0,0,0,0,0,2,82,,,,
1430926356.33612,public,order_line,4,2274320,0,0,568580,0,0,0,568580,0,35851,20307,0,0,,,,
1430926356.33612,pg_toast,pg_toast_2606,0,0,0,0,0,0,0,0,0,0,0,0,0,0,,,,
1430926356.33612,pg_toast,pg_toast_2964,0,0,0,0,0,0,0,0,0,0,0,0,0,0,,,,
1430926356.33612,pg_catalog,pg_database,231,834,3070,3056,7,0,6,0,4,0,7,3313,68,4719,,,,
1430926356.33612,pg_toast,pg_toast_2620,0,0,0,0,0,0,0,0,0,0,0,0,0,0,,,,
1430926356.33612,pg_catalog,pg_amproc,17,1060,154,229,0,0,0,0,344,0,9,188,9,342,,,,
1430926356.33612,pg_catalog,pg_collation,3,2766,0,0,0,0,0,0,922,0,56,56,0,0,,,,
1430926356.33612,pg_catalog,pg_constraint,5,50,8,0,8,0,0,0,10,0,6,33,8,64,0,0,0,0
1430926356.33612,pg_catalog,pg_range,2,12,0,0,0,0,0,0,6,0,2,1,0,0,,,,
1430926356.33612,pg_toast,pg_toast_12639,0,0,0,0,0,0,0,0,0,0,0,0,0,0,,,,
1430926356.33612,pg_toast,pg_toast_12654,0,0,0,0,0,0,0,0,0,0,0,0,0,0,,,,
1430926356.33612,pg_catalog,pg_user_mapping,3,0,0,0,0,0,0,0,0,0,0,0,0,0,,,,
1430926356.33612,pg_catalog,pg_largeobject,2,0,0,0,0,0,0,0,0,0,0,0,0,0,,,,
1430926356.33612,pg_catalog,pg_namespace,3,18,106,68,0,0,0,0,6,0,2,70,8,150,,,,
1430926356.33612,information_schema,sql_packages,1,10,,,0,0,0,0,10,0,2,0,,,0,0,0,0
1430926356.33612,pg_catalog,pg_authid,111,111,1485,1485,0,0,0,0,1,0,19,1584,62,2910,,,,
1430926356.33612,pg_catalog,pg_index,54,424,978,1182,27,0,17,0,123,17,13,1125,10,1093,,,,
1430926356.33612,pg_catalog,pg_ts_dict,3,48,0,0,0,0,0,0,16,0,2,2,0,0,,,,
1430926356.33612,pg_catalog,pg_class,98,2969,2867,2604,122,324,101,68,316,359,29,4415,28,7366,,,,
1430926356.33612,pg_toast,pg_toast_2396,0,0,0,0,0,0,0,0,0,0,0,0,0,0,,,,
1430926356.33612,pg_catalog,pg_enum,4,0,0,0,0,0,0,0,0,0,0,0,0,0,,,,
1430926356.33612,public,orders,6,360000,0,0,60000,0,0,0,60000,0,968,3860,0,0,,,,
1430926356.33612,pg_catalog,pg_db_role_setting,20,0,3404,0,0,0,0,0,0,0,0,0,15,3389,0,0,0,0
1430926356.33612,pg_toast,pg_toast_12649,0,0,0,0,0,0,0,0,0,0,0,0,0,0,,,,
1430926356.33612,information_schema,sql_parts,1,9,,,0,0,0,0,9,0,2,0,,,0,0,0,0
1430926356.33612,pg_catalog,pg_seclabel,2,0,252,0,0,0,0,0,0,0,0,0,2,250,0,0,0,0
1430926356.33612,public,customer,6,360000,0,0,60000,0,0,0,60000,0,27700,18694,0,0,,,,
1430926356.33612,information_schema,sql_implementation_info,1,12,,,0,0,0,0,12,0,2,0,,,0,0,0,0
1430926356.33612,pg_toast,pg_toast_2609,0,0,0,0,0,0,0,0,0,0,0,0,0,0,,,,
1430926356.33612,pg_toast,pg_toast_1255,0,0,0,0,0,0,0,0,0,0,0,0,0,0,,,,
1430926356.33612,pg_toast,pg_toast_12644,0,0,0,0,0,0,0,0,0,0,0,0,0,0,,,,
1430926356.33612,pg_catalog,pg_rewrite,3,327,0,0,0,0,0,0,109,0,22,22,0,0,43,39,4,118
1430926356.33612,pg_catalog,pg_ts_config,3,48,0,0,0,0,0,0,16,0,2,2,0,0,,,,
1430926356.33612,pg_catalog,pg_extension,3,3,0,0,0,0,0,0,1,0,2,2,0,0,,,,
1430926356.33612,pg_catalog,pg_amop,4,1744,85,88,0,0,0,0,436,0,8,100,15,161,,,,
1430926356.33612,pg_catalog,pg_cast,3,594,950,123,0,0,0,0,198,0,4,127,4,959,,,,
1430926356.33612,pg_toast,pg_toast_2619,0,0,48,30,72,0,10,0,62,10,18,138,2,120,,,,
1430926356.33612,pg_toast,pg_toast_12629,0,0,0,0,0,0,0,0,0,0,0,0,0,0,,,,
1430926356.33612,pg_toast,pg_toast_2604,0,0,0,0,0,0,0,0,0,0,0,0,0,0,,,,
1430926356.33612,information_schema,sql_features,1,672,,,0,0,0,0,672,0,14,0,,,0,0,0,0
1430926356.33612,public,history,1,60000,,,60000,0,0,0,60000,0,1288,1925,,,,,,
