# hostname;interval;timestamp;pgpgin/s;pgpgout/s;fault/s;majflt/s;pgfree/s;pgscank/s;pgscand/s;pgsteal/s;%vmeff
CentOS-71-64-minimal;60;1430925756;0.13;28975.73;13068.72;0.00;4762.87;0.00;0.00;0.00;0.00
CentOS-71-64-minimal;60;1430925816;0.33;27399.73;6225.87;0.00;3336.92;0.00;0.00;0.00;0.00
CentOS-71-64-minimal;60;1430925876;0.27;29334.60;6481.67;0.00;3608.02;0.00;0.00;0.00;0.00
CentOS-71-64-minimal;60;1430925936;0.27;26938.80;7512.50;0.00;4078.02;0.00;0.00;0.00;0.00
CentOS-71-64-minimal;60;1430925996;0.20;27331.47;7312.75;0.00;3894.37;0.00;0.00;0.00;0.00
CentOS-71-64-minimal;60;1430926056;0.33;27237.93;7347.65;0.00;3840.40;0.00;0.00;0.00;0.00
CentOS-71-64-minimal;60;1430926116;0.27;27313.67;8345.62;0.00;4095.50;0.00;0.00;0.00;0.00
CentOS-71-64-minimal;60;1430926176;0.27;27626.40;7733.77;0.00;4180.42;0.00;0.00;0.00;0.00
CentOS-71-64-minimal;60;1430926236;0.40;31698.47;9058.03;0.00;4999.78;0.00;0.00;0.00;0.00
CentOS-71-64-minimal;60;1430926296;0.40;33940.27;8714.28;0.00;4285.90;0.00;0.00;0.00;0.00
